date,cash,position_value,total_equity,net_value
2026-01-05,100000.0,0.0,100000.0,1.0
2026-01-06,100000.0,0.0,100000.0,1.0
2026-01-07,100000.0,0.0,100000.0,1.0
2026-01-08,100000.0,0.0,100000.0,1.0
2026-01-09,100000.0,0.0,100000.0,1.0
2026-01-12,100000.0,0.0,100000.0,1.0
2026-01-13,100000.0,0.0,100000.0,1.0
2026-01-14,100000.0,0.0,100000.0,1.0
2026-01-15,100000.0,0.0,100000.0,1.0
2026-01-16,100000.0,0.0,100000.0,1.0
2026-01-19,100000.0,0.0,100000.0,1.0
2026-01-20,100000.0,0.0,100000.0,1.0
2026-01-21,100000.0,0.0,100000.0,1.0
2026-01-22,100000.0,0.0,100000.0,1.0
2026-01-23,100000.0,0.0,100000.0,1.0
2026-01-26,100000.0,0.0,100000.0,1.0
2026-01-27,100000.0,0.0,100000.0,1.0
2026-01-28,100000.0,0.0,100000.0,1.0
2026-01-29,100000.0,0.0,100000.0,1.0
2026-01-30,100000.0,0.0,100000.0,1.0
2026-02-02,100000.0,0.0,100000.0,1.0
2026-02-03,0.0,99950.94490247114,99950.94490247114,0.9995094490247114
2026-02-04,157.01712030863874,100319.93683549792,100476.95395580656,1.0047695395580656
2026-02-05,0.0,100996.6019584573,100996.6019584573,1.009966019584573
2026-02-06,0.0,101515.76649768835,101515.76649768835,1.0151576649768836
2026-02-09,0.0,102034.04921162046,102034.04921162046,1.0203404921162045
2026-02-10,0.0,102551.46362393818,102551.46362393818,1.0255146362393819
2026-02-11,0.0,103068.02271724289,103068.02271724289,1.030680227172429
2026-02-12,0.0,103583.73919139025,103583.73919139025,1.0358373919139026
2026-02-13,0.0,104098.62547167279,104098.62547167279,1.040986254716728
