date,code,factor_value
2026-01-05,000001,
2026-01-06,000001,
2026-01-07,000001,
2026-01-08,000001,
2026-01-09,000001,
2026-01-12,000001,
2026-01-13,000001,
2026-01-14,000001,
2026-01-15,000001,
2026-01-16,000001,
2026-01-19,000001,
2026-01-20,000001,
2026-01-21,000001,
2026-01-22,000001,
2026-01-23,000001,
2026-01-26,000001,
2026-01-27,000001,
2026-01-28,000001,
2026-01-29,000001,
2026-01-30,000001,
2026-02-02,000001,0.19980019980019992
2026-02-03,000001,0.19782393669634035
2026-02-04,000001,0.19588638589618013
2026-02-05,000001,0.19398642095053353
2026-02-06,000001,0.192122958693564
2026-02-09,000001,0.19029495718363454
2026-02-10,000001,0.18850141376060314
2026-02-11,000001,0.18674136321195145
2026-02-12,000001,0.18501387604070296
2026-02-13,000001,0.1833180568285977
2026-01-05,000002,
2026-01-06,000002,
2026-01-07,000002,
2026-01-08,000002,
2026-01-09,000002,
2026-01-12,000002,
2026-01-13,000002,
2026-01-14,000002,
2026-01-15,000002,
2026-01-16,000002,
2026-01-19,000002,
2026-01-20,000002,
2026-01-21,000002,
2026-01-22,000002,
2026-01-23,000002,
2026-01-26,000002,
2026-01-27,000002,
2026-01-28,000002,
2026-01-29,000002,
2026-01-30,000002,
2026-02-02,000002,0.04995836802664444
2026-02-03,000002,0.04983388704318936
2026-02-04,000002,0.049710024855012414
2026-02-05,000002,0.04958677685950419
2026-02-06,000002,0.04946413849958775
2026-02-09,000002,0.049342105263157965
2026-02-10,000002,0.04922067268252661
2026-02-11,000002,0.04909983633387882
2026-02-12,000002,0.048979591836734615
2026-02-13,000002,0.048859934853419995
2026-01-05,600001,
2026-01-06,600001,
2026-01-07,600001,
2026-01-08,600001,
2026-01-09,600001,
2026-01-12,600001,
2026-01-13,600001,
2026-01-14,600001,
2026-01-15,600001,
2026-01-16,600001,
2026-01-19,600001,
2026-01-20,600001,
2026-01-21,600001,
2026-01-22,600001,
2026-01-23,600001,
2026-01-26,600001,
2026-01-27,600001,
2026-01-28,600001,
2026-01-29,600001,
2026-01-30,600001,
2026-02-02,600001,-0.04439511653718087
2026-02-03,600001,-0.04449388209121241
2026-02-04,600001,-0.044593088071348985
2026-02-05,600001,-0.04469273743016755
2026-02-06,600001,-0.044792833146696576
2026-02-09,600001,-0.04489337822671158
2026-02-10,600001,-0.044994375703037104
2026-02-11,600001,-0.045095828635851154
2026-02-12,600001,-0.04519774011299438
2026-02-13,600001,-0.04530011325028316
