date,code,quantity,sellable_quantity,market_value,actual_weight
2026-02-03,000001,412.8103301657021,0.0,49991.330983066524,0.5001586631506728
2026-02-03,000002,395.2501101218719,0.0,49959.61391940461,0.49984133684932713
2026-02-04,000001,411.48032664256147,411.48032664256147,50241.747883056756,0.5000325537849696
2026-02-04,000002,395.2501101218719,395.2501101218719,50078.18895244117,0.4984047284561133
2026-02-05,000001,410.26844776262107,410.26844776262107,50504.04591957865,0.5000568825112787
2026-02-05,000002,397.5791814084932,395.2501101218719,50492.55603887863,0.4999431174887213
2026-02-06,000001,409.0526527441967,409.0526527441967,50763.434205554804,0.5000546807348468
2026-02-06,000002,398.6828931039556,397.5791814084932,50752.33229213355,0.49994531926515323
2026-02-09,000001,407.8534026049765,407.8534026049765,51022.46066588256,0.5000532769219131
2026-02-09,000002,399.77733970014026,398.6828931039556,51011.5885457379,0.49994672307808685
2026-02-10,000001,406.66973991629925,406.66973991629925,51281.05420344533,0.5000518997124777
2026-02-10,000002,400.86324801010824,399.77733970014026,51270.40942049285,0.4999481002875224
2026-02-11,000001,405.5013475109997,405.5013475109997,51539.22126864806,0.5000505482679232
2026-02-11,000002,401.9407289281968,400.86324801010824,51528.80144859482,0.49994945173207683
2026-02-12,000001,404.34791717821577,404.34791717821577,51796.968190529435,0.5000492219616139
2026-02-12,000002,403.0098910572826,401.9407289281968,51786.77100086081,0.499950778038386
2026-02-13,000001,403.2091491973761,403.2091491973761,52054.301161381256,0.5000479201864795
2026-02-13,000002,404.07084091841256,403.0098910572826,52044.32431029153,0.49995207981352047
