signal_date,execution_date,code,side,quantity,reference_price,fill_price,gross_amount,commission,stamp_tax,filled,reason
2026-02-02,2026-02-03,000001,buy,412.8103301657021,121.0,121.12099999999998,50000.0,14.999999999999998,0.0,True,
2026-02-02,2026-02-03,000002,buy,395.2501101218719,126.3,126.42629999999998,49970.00899730081,14.991002699190242,0.0,True,
2026-02-03,2026-02-04,000001,sell,1.330003523140644,122.0,121.878,162.0981693933354,5.0,0.0810490846966677,True,
2026-02-03,2026-02-04,000002,buy,0.0,126.6,126.72659999999998,0.0,0.0,0.0,False,cannot_trade
2026-02-04,2026-02-05,000001,sell,1.2118788799404228,123.0,122.877,148.91204113043932,5.0,0.07445602056521966,True,
2026-02-04,2026-02-05,000002,buy,2.3290712866212813,126.9,127.0269,295.8547054185128,5.0,0.0,True,
2026-02-05,2026-02-06,000001,sell,1.215795018424387,124.0,123.876,150.60782370233937,5.0,0.07530391185116969,True,
2026-02-05,2026-02-06,000002,buy,1.1037116954624637,127.2,127.32719999999999,140.5325197904882,5.0,0.0,True,
2026-02-06,2026-02-09,000001,sell,1.1992501392201926,125.0,124.875,149.75636113512155,5.0,0.07487818056756078,True,
2026-02-06,2026-02-09,000002,buy,1.094446596184631,127.5,127.62749999999998,139.68148295455399,5.0,0.0,True,
2026-02-09,2026-02-10,000001,sell,1.1836626886772572,126.0,125.874,148.99235727456107,5.0,0.07449617863728054,True,
2026-02-09,2026-02-10,000002,buy,1.0859083099679963,127.8,127.92779999999998,138.9178610959238,5.0,0.0,True,
2026-02-10,2026-02-11,000001,sell,1.1683924052995558,127.0,126.873,148.23744963757053,5.0,0.07411872481878527,True,
2026-02-10,2026-02-11,000002,buy,1.0774809180885607,128.1,128.22809999999998,138.16333091275175,5.0,0.0,True,
2026-02-11,2026-02-12,000001,sell,1.153430332783933,128.0,127.872,147.49144351374707,5.0,0.07374572175687354,True,
2026-02-11,2026-02-12,000002,buy,1.0691621290857911,128.4,128.5284,137.4176977919902,5.0,0.0,True,
2026-02-12,2026-02-13,000001,sell,1.1387679808396378,129.0,128.871,146.754168458785,5.0,0.0733770842293925,True,
2026-02-12,2026-02-13,000002,buy,1.0609498611299781,128.7,128.82869999999997,136.68079137455558,5.0,0.0,True,
