date,period,valid_pair_count,rank_ic
2025-11-24,5,5,0.7999999999999999
2025-11-24,20,5,-0.3
2025-11-24,60,5,-0.19999999999999998
2025-11-25,5,5,0.8999999999999998
2025-11-25,20,5,-0.3
2025-11-25,60,5,-0.19999999999999998
2025-11-26,5,5,0.7999999999999999
2025-11-26,20,5,-0.49999999999999994
2025-11-26,60,5,0.09999999999999999
2025-11-27,5,5,0.8999999999999998
2025-11-27,20,5,0.09999999999999999
2025-11-27,60,5,0.09999999999999999
2025-11-28,5,5,0.8999999999999998
2025-11-28,20,5,0.09999999999999999
2025-11-28,60,5,0.09999999999999999
2025-12-01,5,5,0.8999999999999998
2025-12-01,20,5,0.19999999999999998
2025-12-01,60,5,0.09999999999999999
2025-12-02,5,5,0.8999999999999998
2025-12-02,20,5,0.6
2025-12-02,60,5,0.09999999999999999
2025-12-03,5,5,0.9999999999999999
2025-12-03,20,5,0.6
2025-12-03,60,5,0.3
2025-12-04,5,5,0.9999999999999999
2025-12-04,20,5,0.7999999999999999
2025-12-04,60,5,0.3
2025-12-05,5,5,0.9999999999999999
2025-12-05,20,5,0.7999999999999999
2025-12-05,60,5,0.3
2025-12-08,5,5,0.9999999999999999
2025-12-08,20,5,0.7999999999999999
2025-12-08,60,5,0.3
2025-12-09,5,5,0.8999999999999998
2025-12-09,20,5,0.6
2025-12-09,60,5,0.6
2025-12-10,5,5,0.8999999999999998
2025-12-10,20,5,0.7
2025-12-10,60,5,0.6
2025-12-11,5,5,0.8999999999999998
2025-12-11,20,5,0.8999999999999998
2025-12-11,60,5,0.6
2025-12-12,5,5,0.8999999999999998
2025-12-12,20,5,0.8999999999999998
2025-12-12,60,5,0.7
2025-12-15,5,5,0.39999999999999997
2025-12-15,20,5,0.39999999999999997
2025-12-15,60,5,0.7
2025-12-16,5,5,0.7
2025-12-16,20,5,0.39999999999999997
2025-12-16,60,5,0.7
2025-12-17,5,5,0.7
2025-12-17,20,5,0.39999999999999997
2025-12-17,60,5,0.7
2025-12-18,5,5,0.7
2025-12-18,20,5,0.39999999999999997
2025-12-18,60,5,0.7
2025-12-19,5,5,0.6
2025-12-19,20,5,0.3
2025-12-19,60,5,0.8999999999999998
2025-12-22,5,5,0.8999999999999998
2025-12-22,20,5,0.3
2025-12-22,60,5,0.8999999999999998
2025-12-23,5,5,0.8999999999999998
2025-12-23,20,5,0.3
2025-12-23,60,5,0.8999999999999998
2025-12-24,5,5,0.8999999999999998
2025-12-24,20,5,0.6
2025-12-24,60,5,0.8999999999999998
2025-12-25,5,5,0.7999999999999999
2025-12-25,20,5,0.49999999999999994
2025-12-25,60,5,0.7999999999999999
2025-12-26,5,5,0.8999999999999998
2025-12-26,20,5,0.49999999999999994
2025-12-26,60,5,0.7999999999999999
2025-12-29,5,5,0.8999999999999998
2025-12-29,20,5,0.49999999999999994
2025-12-29,60,5,0.7999999999999999
2025-12-30,5,5,0.7
2025-12-30,20,5,0.09999999999999999
2025-12-30,60,5,0.6
2025-12-31,5,5,0.39999999999999997
2025-12-31,20,5,0.0
2025-12-31,60,5,0.19999999999999998
2026-01-01,5,5,0.7
2026-01-01,20,5,0.3
2026-01-01,60,5,0.19999999999999998
2026-01-02,5,5,0.7
2026-01-02,20,5,0.3
2026-01-02,60,5,0.19999999999999998
2026-01-05,5,5,0.7
2026-01-05,20,5,0.3
2026-01-05,60,5,0.19999999999999998
2026-01-06,5,5,0.8999999999999998
2026-01-06,20,5,0.3
2026-01-06,60,5,0.19999999999999998
2026-01-07,5,5,0.9999999999999999
2026-01-07,20,5,0.39999999999999997
2026-01-07,60,5,0.49999999999999994
2026-01-08,5,5,0.8999999999999998
2026-01-08,20,5,0.0
2026-01-08,60,5,0.39999999999999997
2026-01-09,5,5,0.8999999999999998
2026-01-09,20,5,0.0
2026-01-09,60,5,0.39999999999999997
2026-01-12,5,5,0.8999999999999998
2026-01-12,20,5,0.39999999999999997
2026-01-12,60,5,0.39999999999999997
2026-01-13,5,5,0.8999999999999998
2026-01-13,20,5,0.39999999999999997
2026-01-13,60,5,0.39999999999999997
2026-01-14,5,5,0.7999999999999999
2026-01-14,20,5,0.3
2026-01-14,60,5,0.3
2026-01-15,5,5,0.8999999999999998
2026-01-15,20,5,0.3
2026-01-15,60,5,0.3
2026-01-16,5,5,0.8999999999999998
2026-01-16,20,5,0.7999999999999999
2026-01-16,60,5,0.3
2026-01-19,5,5,0.8999999999999998
2026-01-19,20,5,0.7999999999999999
2026-01-19,60,5,0.3
2026-01-20,5,5,0.8999999999999998
2026-01-20,20,5,0.7999999999999999
2026-01-20,60,5,0.3
2026-01-21,5,5,0.9999999999999999
2026-01-21,20,5,0.7999999999999999
2026-01-21,60,5,0.3
2026-01-22,5,5,0.9999999999999999
2026-01-22,20,5,0.7999999999999999
2026-01-22,60,5,0.3
2026-01-23,5,5,0.9999999999999999
2026-01-23,20,5,0.7999999999999999
2026-01-23,60,5,0.3
2026-01-26,5,5,0.8999999999999998
2026-01-26,20,5,0.6
2026-01-26,60,5,0.0
2026-01-27,5,5,0.7999999999999999
2026-01-27,20,5,0.49999999999999994
2026-01-27,60,5,-0.19999999999999998
2026-01-28,5,5,0.7999999999999999
2026-01-28,20,5,0.7999999999999999
2026-01-28,60,5,-0.19999999999999998
2026-01-29,5,5,0.7999999999999999
2026-01-29,20,5,0.7999999999999999
2026-01-29,60,5,-0.19999999999999998
2026-01-30,5,5,0.7999999999999999
2026-01-30,20,5,0.7999999999999999
2026-01-30,60,5,0.09999999999999999
2026-02-02,5,5,0.8999999999999998
2026-02-02,20,5,0.7999999999999999
2026-02-02,60,5,0.09999999999999999
2026-02-03,5,5,0.9999999999999999
2026-02-03,20,5,0.7999999999999999
2026-02-03,60,5,0.09999999999999999
2026-02-04,5,5,0.9999999999999999
2026-02-04,20,5,0.7999999999999999
2026-02-04,60,5,0.09999999999999999
2026-02-05,5,5,0.9999999999999999
2026-02-05,20,5,0.7999999999999999
2026-02-05,60,5,0.09999999999999999
2026-02-06,5,5,0.8999999999999998
2026-02-06,20,5,0.6
2026-02-06,60,5,0.3
2026-02-09,5,5,0.8999999999999998
2026-02-09,20,5,0.6
2026-02-09,60,5,0.3
2026-02-10,5,5,0.7
2026-02-10,20,5,0.49999999999999994
2026-02-10,60,5,0.7999999999999999
2026-02-11,5,5,0.39999999999999997
2026-02-11,20,5,0.09999999999999999
2026-02-11,60,5,0.6
2026-02-12,5,5,0.39999999999999997
2026-02-12,20,5,0.3
2026-02-12,60,5,0.6
2026-02-13,5,5,0.7
2026-02-13,20,5,0.3
2026-02-13,60,5,0.6
2026-02-16,5,5,0.39999999999999997
2026-02-16,20,5,0.0
2026-02-16,60,5,0.49999999999999994
2026-02-17,5,5,0.7
2026-02-17,20,5,0.0
2026-02-17,60,5,0.49999999999999994
2026-02-18,5,5,0.8999999999999998
2026-02-18,20,5,0.0
2026-02-18,60,5,0.49999999999999994
2026-02-19,5,5,0.7999999999999999
2026-02-19,20,5,-0.09999999999999999
2026-02-19,60,5,0.6
2026-02-20,5,5,0.7999999999999999
2026-02-20,20,5,-0.09999999999999999
2026-02-20,60,5,0.6
2026-02-23,5,5,0.8999999999999998
2026-02-23,20,5,-0.09999999999999999
2026-02-23,60,5,0.6
2026-02-24,5,5,0.8999999999999998
2026-02-24,20,5,-0.09999999999999999
2026-02-24,60,5,0.6
2026-02-25,5,5,0.8999999999999998
2026-02-25,20,5,0.19999999999999998
2026-02-25,60,5,0.6
2026-02-26,5,5,0.9999999999999999
2026-02-26,20,5,0.6
2026-02-26,60,5,0.6
2026-02-27,5,5,0.9999999999999999
2026-02-27,20,5,0.6
2026-02-27,60,5,0.6
2026-03-02,5,5,0.9999999999999999
2026-03-02,20,5,0.7999999999999999
2026-03-02,60,5,0.6
2026-03-03,5,5,0.9999999999999999
2026-03-03,20,5,0.7999999999999999
2026-03-03,60,5,0.6
2026-03-04,5,5,0.9999999999999999
2026-03-04,20,5,0.7999999999999999
2026-03-04,60,5,0.6
2026-03-05,5,5,0.9999999999999999
2026-03-05,20,5,0.8999999999999998
2026-03-05,60,5,0.6
2026-03-06,5,5,0.9999999999999999
2026-03-06,20,5,0.8999999999999998
2026-03-06,60,5,0.6
2026-03-09,5,5,0.8999999999999998
2026-03-09,20,5,0.9999999999999999
2026-03-09,60,5,0.49999999999999994
2026-03-10,5,5,0.8999999999999998
2026-03-10,20,5,0.9999999999999999
2026-03-10,60,5,0.49999999999999994
2026-03-11,5,5,0.8999999999999998
2026-03-11,20,5,0.9999999999999999
2026-03-11,60,5,0.49999999999999994
2026-03-12,5,5,0.8999999999999998
2026-03-12,20,5,0.8999999999999998
2026-03-12,60,5,0.49999999999999994
2026-03-13,5,5,0.7
2026-03-13,20,5,0.7
2026-03-13,60,5,0.3
2026-03-16,5,5,0.7
2026-03-16,20,5,0.39999999999999997
2026-03-16,60,5,-0.09999999999999999
2026-03-17,5,5,0.6
2026-03-17,20,5,0.3
2026-03-17,60,5,-0.19999999999999998
2026-03-18,5,5,0.3
2026-03-18,20,5,0.09999999999999999
2026-03-18,60,5,-0.49999999999999994
2026-03-19,5,5,0.3
2026-03-19,20,5,0.09999999999999999
2026-03-19,60,5,-0.49999999999999994
2026-03-20,5,5,0.39999999999999997
2026-03-20,20,5,0.09999999999999999
2026-03-20,60,5,-0.49999999999999994
2026-03-23,5,5,0.6
2026-03-23,20,5,0.0
2026-03-23,60,5,-0.7
2026-03-24,5,5,0.0
2026-03-24,20,5,-0.7999999999999999
2026-03-24,60,5,-0.8999999999999998
2026-03-25,5,5,0.3
2026-03-25,20,5,-0.7999999999999999
2026-03-25,60,5,-0.8999999999999998
2026-03-26,5,5,0.3
2026-03-26,20,5,-0.7999999999999999
2026-03-26,60,5,-0.8999999999999998
2026-03-27,5,5,0.3
2026-03-27,20,5,-0.7999999999999999
2026-03-27,60,5,-0.8999999999999998
2026-03-30,5,5,0.3
2026-03-30,20,5,-0.8999999999999998
2026-03-30,60,5,-0.7
2026-03-31,5,5,0.8999999999999998
2026-03-31,20,5,-0.8999999999999998
2026-03-31,60,5,-0.7
2026-04-01,5,5,0.8999999999999998
2026-04-01,20,5,-0.7
2026-04-01,60,5,-0.7
2026-04-02,5,5,0.8999999999999998
2026-04-02,20,5,-0.3
2026-04-02,60,5,-0.7
2026-04-03,5,5,0.8999999999999998
2026-04-03,20,5,-0.3
2026-04-03,60,5,-0.7
2026-04-06,5,5,0.8999999999999998
2026-04-06,20,5,-0.3
2026-04-06,60,5,-0.6
2026-04-07,5,5,0.7
2026-04-07,20,5,-0.39999999999999997
2026-04-07,60,5,-0.49999999999999994
2026-04-08,5,5,0.7
2026-04-08,20,5,-0.39999999999999997
2026-04-08,60,5,-0.49999999999999994
2026-04-09,5,5,0.7
2026-04-09,20,5,-0.19999999999999998
2026-04-09,60,5,-0.49999999999999994
2026-04-10,5,5,0.7
2026-04-10,20,5,0.49999999999999994
2026-04-10,60,5,-0.49999999999999994
2026-04-13,5,5,0.8999999999999998
2026-04-13,20,5,0.49999999999999994
2026-04-13,60,5,-0.49999999999999994
2026-04-14,5,5,0.8999999999999998
2026-04-14,20,5,0.49999999999999994
2026-04-14,60,5,-0.19999999999999998
2026-04-15,5,5,0.8999999999999998
2026-04-15,20,5,0.49999999999999994
2026-04-15,60,5,-0.19999999999999998
2026-04-16,5,5,0.8999999999999998
2026-04-16,20,5,0.49999999999999994
2026-04-16,60,5,0.09999999999999999
2026-04-17,5,5,0.8999999999999998
2026-04-17,20,5,0.49999999999999994
2026-04-17,60,5,0.09999999999999999
2026-04-20,5,5,0.8999999999999998
2026-04-20,20,5,0.6
2026-04-20,60,5,0.0
2026-04-21,5,5,0.8999999999999998
2026-04-21,20,5,0.6
2026-04-21,60,5,0.09999999999999999
2026-04-22,5,5,0.7
2026-04-22,20,5,0.6
2026-04-22,60,5,0.3
2026-04-23,5,5,0.6
2026-04-23,20,5,0.49999999999999994
2026-04-23,60,5,0.39999999999999997
2026-04-24,5,5,0.6
2026-04-24,20,5,0.49999999999999994
2026-04-24,60,5,0.39999999999999997
2026-04-27,5,5,0.6
2026-04-27,20,5,0.6
2026-04-27,60,5,0.7
2026-04-28,5,5,0.7
2026-04-28,20,5,0.6
2026-04-28,60,5,0.7
2026-04-29,5,5,0.8999999999999998
2026-04-29,20,5,0.6
2026-04-29,60,5,0.8999999999999998
2026-04-30,5,5,0.9999999999999999
2026-04-30,20,5,0.6
2026-04-30,60,5,0.8999999999999998
2026-05-01,5,5,0.9999999999999999
2026-05-01,20,5,0.6
2026-05-01,60,5,0.8999999999999998
