date,code,adjusted_close,momentum_5d,momentum_20d,momentum_60d,future_return_5d
2025-09-01,A,100.0,,,,0.023101557943570494
2025-09-02,A,100.48474345958454,,,,0.022164631107454813
2025-09-03,A,100.96368570424443,,,,0.02099028230387079
2025-09-04,A,101.4311437099861,,,,0.0196044532592643
2025-09-05,A,101.88166842671767,,,,0.01803669656762108
2025-09-08,A,102.31015579435704,0.023101557943570494,,,0.016319497760742152
2025-09-09,A,102.71195073029347,0.022164631107454813,,,0.014487592333638721
2025-09-10,A,103.0829419696158,0.02099028230387079,,,0.012577290707186162
2025-09-11,A,103.41964582588224,0.0196044532592643,,,0.010625820237535777
2025-09-12,A,103.71927716593336,0.01803669656762108,,,0.008670689888045091
2025-09-15,A,103.97980615274425,0.016319497760742152,,,0.00674908027636989
2025-09-16,A,104.19999960026674,0.014487592333638721,,,0.004897259636796436
2025-09-17,A,104.37944609771965,0.012577290707186162,,,0.0031500248716180845
2025-09-18,A,104.51856439145767,0.010625820237535777,,,0.0015401663262490928
2025-09-19,A,104.61859485365136,0.008670689888045091,,,9.795518554955862e-05
2025-09-22,A,104.6815742115905,0.00674908027636989,,,-0.001149346611072244
2025-09-23,A,104.71029405246333,0.004897259636796436,,,-0.0021779524010249185
2025-09-24,A,104.7082439490132,0.0031500248716180845,,,-0.0029679891014624538
2025-09-25,A,104.67954036480128,0.0015401663262490928,,,-0.0035039016343278995
2025-09-26,A,104.62884278752219,9.795518554955862e-05,,,-0.0037748147180483027
2025-09-29,A,104.5612587990287,-0.001149346611072244,0.04561258799028711,,-0.003774840768647758
2025-09-30,A,104.48224001611973,-0.0021779524010249185,0.0397821243196288,,-0.003503320518224662
2025-10-01,A,104.39747102213926,-0.0029679891014624538,0.034010102681408805,,-0.0029649814689792775
2025-10-02,A,104.31275355223636,-0.0035039016343278995,0.028409517401178253,,-0.0021699987311606383
2025-10-03,A,104.23388829183548,-0.0037748147180483027,0.023087763495056368,,-0.0011339433892590955
2025-10-06,A,104.166556696493,-0.003774840768647758,0.018144835062780196,,0.00012239451211382146
2025-10-07,A,104.11620524088119,-0.003503320518224662,0.013671773348703065,,0.0015733178819394844
2025-10-08,A,104.08793445515032,-0.0029649814689792775,0.009749357811603243,,0.0031886741186224477
2025-10-09,A,104.08639500938413,-0.0021699987311606383,0.006447026366967368,,0.004934444969181273
2025-10-10,A,104.11569296327019,-0.0011339433892590955,0.0038220069418979374,,0.006773466506005299
2025-10-13,A,104.17930611137844,0.00012239451211382146,0.0019186413787031231,,0.008666263704329547
2025-10-14,A,104.28001312838634,0.0015733178819394844,0.0007678841499669797,,0.010571976977477249
2025-10-15,A,104.41983695780833,0.0031886741186224477,0.000386961816705389,,0.012449351724960644
2025-10-16,A,104.6000035975984,0.004934444969181273,0.000779184124991561,,0.014257757087319245
2025-10-17,A,104.82091712230644,0.006773466506005299,0.0019339035181853426,,0.015958197197098567
2025-10-20,A,105.08215145067372,0.008666263704329547,0.0038266260523895923,,0.017514277611815787
2025-10-21,A,105.38245902639066,0.010571976977477249,0.006419282650381719,,0.018893091432953257
2025-10-22,A,105.71979623515912,0.012449351724960644,0.009660674728137808,,0.020065993730486564
2025-10-23,A,106.09136504022567,0.014257757087319245,0.013487111908442317,,0.021009238947553577
2025-10-24,A,106.49366998812494,0.015958197197098567,0.017823261262573498,,0.021704463409051966
2025-10-27,A,106.92258942322769,0.017514277611815787,0.022583226821490054,,0.02213900323772955
2025-10-28,A,107.37345946020572,0.018893091432953257,0.027671874604142666,,0.02230604619377008
2025-10-29,A,107.84116900360215,0.020065993730486564,0.03298641190965812,,0.022204623548970126
2025-10-30,A,108.3202638786279,0.021009238947553577,0.03841822011135676,,0.0218394545514371
2025-10-31,A,108.80505795167784,0.021704463409051966,0.04385492793902057,,0.021220660962150806
2025-11-03,A,109.28974897665495,0.02213900323772955,0.04918269781240103,,0.020363372365379773
2025-11-04,A,109.76853680690998,0.02230604619377008,0.054288682083174944,,0.019287244463904063
2025-11-05,A,110.23574156440799,0.022204623548970126,0.05906359023683616,,0.018015912512596266
2025-11-06,A,110.68591935860486,0.0218394545514371,0.06340429360269173,,0.01657640067852295
2025-11-07,A,111.11397319743757,0.021220660962150806,0.0672163824202392,,0.014998505769318715
2025-11-10,A,111.51525683078545,0.020363372365379773,0.07041658265187634,,0.013314170796771885
2025-11-11,A,111.88566941074991,0.019287244463904063,0.0729349379060753,,0.011556860581938055
2025-11-12,A,112.22173904019354,0.018015912512596266,0.0747166660060734,,0.009760948367569577
2025-11-13,A,112.52069350736379,0.01657640067852295,0.07572361029963903,,0.00796111943638933
2025-11-14,A,112.78051676549127,0.014998505769318715,0.07593522229821237,,0.0061917952328500725
2025-11-17,A,112.9999900066764,0.013314170796771885,0.07534903355799072,,0.004486579584413342
2025-11-18,A,113.17871649324677,0.011556860581938055,0.07398059922765432,,0.0028777273929905256
2025-11-19,A,113.31712964068375,0.009760948367569577,0.07186292138347872,,0.0013956356453244112
2025-11-20,A,113.41648418744127,0.00796111943638933,0.06904538502674762,,6.835675693683818e-05
2025-11-21,A,113.4788306315582,0.0061917952328500725,0.06559226143875185,,-0.0010788649358043356
2025-11-24,A,113.50697345487927,0.004486579584413342,0.06158085084891529,0.13506973454879279,-0.002024031374824986
2025-11-25,A,113.5044139860029,0.0028777273929905256,0.057099347982444426,0.12956862980552808,-0.002748799737858465
2025-11-26,A,113.47527906603614,0.0013956356453244112,0.05224451955120957,0.12392171773960636,-0.0032388561748267763
2025-11-27,A,113.4242369704835,6.835675693683818e-05,0.04711928229398121,0.11823876594340965,-0.0034842462038302546
2025-11-28,A,113.35640230023373,-0.0010788649358043356,0.04183026445863591,0.11262805223659744,-0.0034796516230578556
2025-12-01,A,113.27723177934517,-0.002024031374824986,0.036485423747674384,0.10719440215721998,-0.0032246021145311277
2025-12-02,A,113.1924130825924,-0.002748799737858465,0.031191782046846805,0.10203741899342456,-0.002723608617107187
2025-12-03,A,113.10774895774291,-0.0032388561748267763,0.026053323110788673,0.09724991154290086,-0.001986205259799423
2025-12-04,A,113.02903900339676,-0.0034842462038302546,0.02116908508660953,0.09291651601372664,-0.0010268873726424488
2025-12-05,A,112.96196151098572,-0.0034796516230578556,0.01663146641569968,0.08911250249329838,0.00013506502439564194
2025-12-08,A,112.91195777822126,-0.0032246021145311277,0.012524752102353043,0.08590275319763396,0.0014758857520844604
2025-12-09,A,112.8841212509295,-0.002723608617107187,0.00892385812622809,0.08334089907847297,0.0029677462452699643
2025-12-10,A,112.88309375183897,-0.001986205259799423,0.005893285180766705,0.08146860298682013,0.004579302514476025
2025-12-11,A,112.91297091050227,-0.0010268873726424488,0.003486268977828555,0.08031498105546753,0.006276357258320431
2025-12-12,A,112.97721872107297,0.00013506502439564194,0.0017441129126116728,0.0798961587958078,0.008022622812880353
2025-12-15,A,113.07860292794611,0.0014758857520844604,0.0006956896302827698,0.0802149640908425,0.009780564550498694
2025-12-16,A,113.21913267792253,0.0029677462452699643,0.00035710057445448307,0.08126076526149384,0.01151229900203643
2025-12-17,A,113.4000195868986,0.004579302514476025,0.0007314864617351535,0.08300946811903165,0.013180516882726367
2025-12-18,A,113.62165305503491,0.006276357258320431,0.0018089863132644268,0.08542369080978918,0.014749398776068068
2025-12-19,A,113.88359233332044,0.008022622812880353,0.003566847662331174,0.08845313872573901,0.016185490753432896
2025-12-22,A,114.1845755031631,0.009780564550498694,0.005969695320553914,0.09203520323555803,0.017458508776507564
2025-12-23,A,114.522545186062,0.01151229900203643,0.008969970103406277,0.09609580698493092,0.018542044241754985
2025-12-24,A,114.89469045956521,0.013180516882726367,0.012508551688187985,0.10055051463075992,0.01941414818621734
2025-12-25,A,115.29750412553967,0.014749398776068068,0.016515580841365063,0.10530592088917023,0.020057778032633422
2025-12-26,A,115.72685416399912,0.016185490753432896,0.02091149521036373,0.1102613177010674,0.020461097760548386
2025-12-29,A,116.17806791672686,0.017458508776507564,0.025608289431297893,0.11531062944925252,0.02061762946822454
2025-12-30,A,116.64602728558035,0.018542044241754985,0.030511004306162937,0.12034459012130161,0.020526260891946535
2025-12-31,A,117.12527300595677,0.01941414818621734,0.03551944128704032,0.12525312005709965,0.02019111912054261
2026-01-01,A,117.61011587100639,0.020057778032633422,0.04053008773676248,0.12992784369564325,0.019621325160722236
2026-01-02,A,118.09475264056944,0.020461097760548386,0.04543822593842406,0.13426467499218164,0.018830647000076306
2026-01-05,A,118.57338427336816,0.02061762946822454,0.05014018538467746,0.13816638542976056,0.01783707035429627
2026-01-06,A,119.04033407365328,0.020526260891946535,0.05453568450995139,0.14154506220760155,0.01666230647735789
2026-01-07,A,119.49016334524612,0.02019111912054261,0.058530195920498684,0.1443243623673447,0.015331255460918847
2026-01-08,A,119.91778219670161,0.019621325160722236,0.06203725957889761,0.14644147296621024,0.01387144161788778
2026-01-09,A,120.31855324010533,0.018830647000076306,0.06498066249229617,0.1478486979818736,0.012312435129022248
2026-01-12,A,120.68838607079924,0.01783707035429627,0.06729640219999977,0.1485146088529714,0.010685271421921438
2026-01-13,A,121.02382060315557,0.01666230647735789,0.06893435535701586,0.14842471623145448,0.009021877014549373
2026-01-14,A,121.32209756455902,0.015331255460918847,0.06985958209283827,0.14758164397796159,0.007354508014970174
2026-01-15,A,121.58121471138973,0.01387144161788778,0.07005321118237418,0.14600481071471672,0.005715205300751869
2026-01-16,A,121.79996762169193,0.012312435129022248,0.06951286946763524,0.14372964736095395,0.004135268729905217
2026-01-19,A,121.97797423343938,0.010685271421921438,0.06825264004296616,0.14080639920361948,0.002644751635713094
2026-01-20,A,122.11568262846812,0.009021877014549373,0.06630255579868338,0.13729857678401514,0.0012719763609878587
2026-01-21,A,122.21436190349057,0.007354508014970174,0.06370765624283892,0.13328113032053945,4.30716838510925e-05
2026-01-22,A,122.27607631418012,0.005715205300751869,0.06052665442819949,0.12883842723268857,-0.001018466368022275
2026-01-23,A,122.30364321910137,0.004135268729905217,0.05683027593389989,0.1240621118314047,-0.0018921877021726985
2026-01-26,A,122.30057568031424,0.002644751635713094,0.05269934225430406,0.11904892110639298,-0.0025610712541825897
2026-01-27,A,122.27101089007743,0.0012719763609878587,0.048222676205899706,0.11389852180648208,-0.003011872192670295
2026-01-28,A,122.21962588184853,4.30716838510925e-05,0.04349490716348359,0.10871142287765778,-0.003235425671822334
2026-01-29,A,122.15154224284039,-0.001018466368022275,0.03861424961790694,0.10358700501993146,-0.003226897919236027
2026-01-30,A,122.07222176947127,-0.0018921877021726985,0.03368032058975201,0.09862169677401478,-0.002985974120918944
2026-02-02,A,121.9873551915694,-0.0025610712541825897,0.028792050923758916,0.09390731509209038,-0.002516971766251097
2026-02-03,A,121.90274623240792,-0.003011872192670295,0.024045733582901407,0.0895295784921637,-0.001828868038524556
2026-02-04,A,121.82419336666987,-0.003235425671822334,0.019533239859083507,0.08556679310625448,-0.0009352306467704796
2026-02-05,A,121.7573716853455,-0.003226897919236027,0.015340422870950166,0.08208870644204858,0.00014595669396566535
2026-02-06,A,121.70771727438455,-0.002985974120918944,0.011545717571146641,0.0791555205182819,0.0013925800734084781
2026-02-09,A,121.68031646271258,-0.002516971766251097,0.00821893824424369,0.07681705507693692,0.00277879458440089
2026-02-10,A,121.6798021960151,-0.001828868038524556,0.005420268419805918,0.07511205256754772,0.004275534329669428
2026-02-11,A,121.71025964751527,-0.0009352306467704796,0.0031994343219272636,0.07406761919795546,0.005851125412775771
2026-02-12,A,121.77514298878263,0.00014595669396566535,0.0015950513231279828,0.07369880014555164,0.007471988631476689
2026-02-13,A,121.87720501624088,0.0013925800734084781,0.0006341331287447183,0.07400829157246447,0.009103413345506128
2026-02-16,A,122.01844106712736,0.00277879458440089,0.00033175525288298147,0.07498629690475811,0.01071037940621622
2026-02-17,A,122.20004836753155,0.004275534329669428,0.0006908673582910474,0.07661053941568285,0.012258400540233305
2026-02-18,A,122.42240164073438,0.005851125412775771,0.0017022527794898767,0.07884644698244392,0.013714360526579261
2026-02-19,A,122.68504547279127,0.007471988631476689,0.0033446375688432894,0.08164752745674386,0.01504731312944485
2026-02-20,A,122.9867035908987,0.009103413345506128,0.005584955229613664,0.08495595392272892,0.016229218126242007
2026-02-23,A,123.32530486551131,0.01071037940621622,0.008378776465252757,0.08870337779562765,0.01723558881467646
2026-02-24,A,123.69802550645664,0.012258400540233305,0.011670915337913534,0.09281198392862855,0.018046030846239125
2026-02-25,A,124.1013465933651,0.013714360526579261,0.015396223789259977,0.09719579548638513,0.018644657739718795
2026-02-26,A,124.53112576832054,0.01504731312944485,0.01948058519596474,0.10176222735626483,0.019020374515942295
2026-02-27,A,124.98268163010287,0.016229218126242007,0.023842114270090864,0.10641387559429138,0.019167027073421883
2026-03-02,A,125.4508891106179,0.01723558881467646,0.02839256506225052,0.1110505174042351,0.01908342072905289
2026-03-03,A,125.93028389036505,0.018046030846239125,0.03303894114311934,0.11557128225709712,0.018773216386863467
2026-03-04,A,126.41517372563659,0.018644657739718795,0.03768529248659713,0.11987694103730373,0.018244716786585347
2026-03-05,A,126.8997544193259,0.019020374515942295,0.04223467263460412,0.1238722477677956,0.01751055806224544
2026-03-06,A,127.37822807261593,0.019167027073421883,0.04659121808559985,0.1274682587743401,0.016587323373413287
2026-03-09,A,127.84492120834956,0.01908342072905289,0.05066230040193931,0.13058454825279875,0.015495095733035091
2026-03-10,A,128.294400359498,0.018773216386863467,0.05436069129063337,0.13315123800197703,0.014256966507623758
2026-03-11,A,128.72158276778782,0.018244716786585347,0.05760667293437738,0.13511076309072667,0.012898514627365687
2026-03-12,A,129.1218399371702,0.01751055806224544,0.06033002111986274,0.1364193044667943,0.01144726956342601
2026-03-13,A,129.4910919323888,0.016587323373413287,0.062471788019206054,0.1370478334876153,0.009932168857820223
2026-03-16,A,129.82589050145526,0.015495095733035091,0.06398581530830016,0.13698273106825076,0.008383018659887886
2026-03-17,A,130.12348932853905,0.014256966507623758,0.06483991673372169,0.1362259642163084,0.00682996353248555
2026-03-18,A,130.3818999859758,0.012898514627365687,0.06501668190270982,0.13479482354200667,0.005302969899738441
2026-03-19,A,130.59993244545652,0.01144726956342601,0.06451386916933233,0.13272124523402562,0.0038313260321276577
2026-03-20,A,130.77721932304482,0.009932168857820223,0.06334437386061165,0.13005075846715308,0.002443160476304884
2026-03-23,A,130.91422336406552,0.008383018659887886,0.06153577732347859,0.1268411130567355,0.0011649803683566606
2026-03-24,A,131.01222801537276,0.00682996353248555,0.05912950088709645,0.1231606516235666,2.1231115429953817e-05
2026-03-25,A,131.07331127707212,0.005302969899738441,0.05617960542000899,0.1190864952810482,-0.000966120546631255
2026-03-26,A,131.1003033664289,0.0038313260321276577,0.05275129055148642,0.1147026120628809,-0.0017779771816140988
2026-03-27,A,131.09672905649595,0.002443160476304884,0.048919157011594105,0.1100978335210121,-0.0023984707882470646
2026-03-30,A,131.06673586422332,0.0011649803683566606,0.04476530053647987,0.1053638779681958,-0.0028152868350828086
2026-03-31,A,131.01500955110848,2.1231115429953817e-05,0.040377306424324466,0.10059342970296226,-0.003019945117875844
2026-04-01,A,130.94667865793235,-0.000966120546631255,0.03584621053585435,0.09587831325985063,-0.0030080290164029577
2026-04-02,A,130.8672100185407,-0.0017779771816140988,0.03126448602969556,0.09130779123215182,-0.002779353682232699
2026-04-03,A,130.7822973814192,-0.0023984707882470646,0.026724106311658558,0.08696700433583704,-0.002338063122514389
2026-04-06,A,130.6977454082275,-0.0028152868350828086,0.022314724534333807,0.08293556375471356,-0.0016926462240957063
2026-04-07,A,130.61935141264615,-0.003019945117875844,0.018121999453080795,0.07928629885975025,-0.0008558626251583545
2026-04-08,A,130.5527872489277,-0.0030080290164029577,0.01422608735664288,0.07608415836576476,0.00015542892099928984
2026-04-09,A,130.50348375649216,-0.002779353682232699,0.010700310807174596,0.07338525993741851,0.0013205444081534345
2026-04-10,A,130.476520114834,-0.002338063122514389,0.007610007512792505,0.07123608209889865,0.002615351901720242
2026-04-13,A,130.47652036296444,-0.0016926462240957063,0.005011557086156637,0.06967279283766992,0.004012749381208547
2026-04-14,A,130.50755919164965,-0.0008558626251583545,0.0029515798038652896,0.0687207112350463,0.005483235510646001
2026-04-15,A,130.57307892778326,0.00015542892099928984,0.0014662997074597062,0.06839390145401514,0.006995560949545565
2026-04-16,A,130.67581940221135,0.0013205444081534345,0.0005810642879660044,0.06869490207102058,0.00851744323369874
2026-04-17,A,130.81776212984616,0.002615351901720242,0.0003100142900362979,0.06961459762479949,0.010016324271853616
2026-04-20,A,131.00008993931317,0.004012749381208547,0.0006558995122238898,0.07113224292368736,0.01146014648503102
2026-04-21,A,131.22316287461703,0.005483235510646001,0.001610039478296077,0.07321565364817051,0.012818121858683584
2026-04-22,A,131.4865108597924,0.006995560949545565,0.0031524310990116433,0.07582157866284334,0.014061467879781464
2026-04-23,A,131.78884327598675,0.00851744323369874,0.005252008514681661,0.07889626979892861,0.015164085556574003
2026-04-24,A,132.1280752558569,0.010016324271853616,0.007867062792363821,0.08237626333512416,0.016103157392120426
2026-04-27,A,132.50137015956994,0.01146014648503102,0.010945830655558764,0.08618938373972695,0.01685964709303933
2026-04-28,A,132.90519736702575,0.012818121858683584,0.014427261596923424,0.09025597432925436,0.017418687621379103
2026-04-29,A,133.3354042088719,0.014061467879781464,0.018241971277328295,0.09449035141612017,0.017769849546867666
2026-04-30,A,133.78730057082572,0.015164085556574003,0.02231338585021647,0.0988024685402118,0.01790728710891054
2026-05-01,A,134.25575444761992,0.016103157392120426,0.026559076692700856,0.1030997660152182,0.01782976455190055
2026-05-04,A,134.73529649980446,0.01685964709303933,0.03089227804937189,0.1072891690012363,
2026-05-05,A,135.22023148321972,0.017418687621379103,0.03522357155211009,0.11127918555778238,
2026-05-06,A,135.70475428093434,0.017769849546867666,0.039462711908121006,0.11498204567099335,
2026-05-07,A,136.1830681736736,0.01790728710891054,0.043520557870922794,0.11831581414129944,
2026-05-08,A,136.64950293915877,0.01782976455190055,0.047311062702253714,0.12120640542215733,
2025-09-01,B,101.43827661581261,,,,0.015870505276354807
2025-09-02,B,101.79134858057459,,,,0.014972875378663764
2025-09-03,B,102.13061725747616,,,,0.014008626212792752
2025-09-04,B,102.45427175637673,,,,0.012985788121112618
2025-09-05,B,102.76063014108114,,,,0.01191270110462006
2025-09-08,B,103.0481533200682,0.015870505276354807,,,0.010797952950959422
2025-09-09,B,103.31545775749765,0.014972875378663764,,,0.009650319748422564
2025-09-10,B,103.56132689951795,0.014008626212792752,,,0.008478708822146963
2025-09-11,B,103.78472122150792,0.012985788121112618,,,0.00729210402238345
2025-09-12,B,103.98478681327425,0.01191270110462006,,,0.006099513206221596
2025-09-15,B,104.16086243130155,0.010797952950959422,,,0.00490991768406035
2025-09-16,B,104.31248495981215,0.009650319748422564,,,0.0037322233506402736
2025-09-17,B,104.43939323553414,0.008478708822146963,,,0.0025752131874099415
2025-09-18,B,104.54153020458924,0.00729210402238345,,,0.001447500808078317
2025-09-19,B,104.61904339368796,0.006099513206221596,,,0.0003574847218195121
2025-09-22,B,104.67228369173998,0.00490991768406035,,,-0.0006866969918136734
2025-09-23,B,104.70180245194248,0.0037322233506402736,,,-0.0016772118664174496
2025-09-24,B,104.70834693827939,0.0025752131874099415,,,-0.0026065783096395068
2025-09-25,B,104.69285415403813,0.001447500808078317,,,-0.0034677110946824685
2025-09-26,B,104.65644310331258,0.0003574847218195121,,,-0.004253967156509497
2025-09-29,B,104.6004055494026,-0.0006866969918136734,0.03117293628288098,,-0.004959191675619978
2025-09-30,B,104.52619534643479,-0.0016772118664174496,0.026867182761562303,,-0.005577764330505275
2025-10-01,B,104.43541643231187,-0.0026065783096395068,0.02256717169372635,,-0.00610464548954015
2025-10-02,B,104.3298095821542,-0.0034677110946824685,0.018306096892057866,,-0.006535421996508695
2025-10-03,B,104.21123803163398,-0.004253967156509497,0.014116377921790546,,-0.0068663520840787085
2025-10-06,B,104.08167208893552,-0.004959191675619978,0.010029473945614598,,-0.007094408829674381
2025-10-07,B,103.94317286242801,-0.005577764330505275,0.00607571334004775,,-0.007217321452373082
2025-10-08,B,103.79787523844011,-0.00610464548954015,0.0022841377761766424,,-0.007233613642047887
2025-10-09,B,103.64797024971942,-0.006535421996508695,-0.0013176406910284655,,-0.007142638017943126
2025-10-10,B,103.49568698019105,-0.0068663520840787085,-0.004703571051806632,,-0.0069446057383930615
2025-10-13,B,103.3432741554605,-0.007094408829674381,-0.007849284815400592,,-0.006640610231827826
2025-10-14,B,103.19298157110029,-0.007217321452373082,-0.010732208988628367,,-0.006232643996771814
2025-10-15,B,103.04704151209975,-0.007233613642047887,-0.0133316718940939,,-0.0057236074300554
2025-10-16,B,102.90765031693114,-0.007142638017943126,-0.015629002985326212,,-0.005117308692015654
2025-10-17,B,102.77695023848949,-0.0069446057383930615,-0.017607627592871045,,-0.004418453708009973
2025-10-20,B,102.65701175171317,-0.006640610231827826,-0.01925315727286303,,-0.003632625538668277
2025-10-21,B,102.54981645400218,-0.006232643996771814,-0.020553476134549387,,-0.0027662525266758387
2025-10-22,B,102.45724069965587,-0.0057236074300554,-0.02149882320222707,,-0.001826564843241285
2025-10-23,B,102.3810401034894,-0.005117308692015654,-0.022081870527164038,,-0.000821539308250907
2025-10-24,B,102.32283504161028,-0.004418453708009973,-0.022297796413725424,,0.00024016736229448554
2025-10-27,B,102.28409726910053,-0.003632625538668277,-0.02214435276934068,,0.0013492964284766984
2025-10-28,B,102.26613776512616,-0.0027662525266758387,-0.021621925239104334,,0.002496075356561267
2025-10-29,B,102.27009590585837,-0.001826564843241285,-0.020733584452712117,,0.003670315339556529
2025-10-30,B,102.29693005462477,-0.000821539308250907,-0.01948512640511091,,0.004861516750960249
2025-10-31,B,102.34740964700471,0.00024016736229448554,-0.01788509972469088,,0.0060589809135003225
2025-11-03,B,102.4221088362357,0.0013492964284766984,-0.015944817366901676,,0.007251926345057003
2025-11-04,B,102.52140175141238,0.002496075356561267,-0.013678350120189142,,0.008429607476516887
2025-11-05,B,102.64545940763956,0.003670315339556529,-0.011102499238575647,,0.009581433729832334
2025-11-06,B,102.79424829365713,0.004861516750960249,-0.008236745533997558,,0.010697086804941192
2025-11-07,B,102.96753064860211,0.0060589809135003225,-0.005103172383309373,,0.011766634054155345
2025-11-10,B,103.16486642562148,0.007251926345057003,-0.0017263603393351534,,0.01278063592141554
2025-11-11,B,103.38561692611908,0.008429607476516887,0.0018667486110581777,,0.013730245587192158
2025-11-12,B,103.62895007462207,0.009581433729832334,0.0056470186235670905,,0.014607299180457112
2025-11-13,B,103.89384729070306,0.010697086804941192,0.009583320294795028,,0.01540439518694936
2025-11-14,B,104.17911190120424,0.011766634054155345,0.013642763863503271,,0.01611496198578788
2025-11-17,B,104.48337902328882,0.01278063592141554,0.01779096469311714,,0.016733312770933262
2025-11-18,B,104.80512683669808,0.013730245587192158,0.02199233953487867,,0.017254687446231376
2025-11-19,B,105.14268915211872,0.014607299180457112,0.02621043114302668,,0.01767528140927288
2025-11-20,B,105.49426917186162,0.01540439518694936,0.03040825786908674,,0.01799226144770949
2025-11-21,B,105.85795432920528,0.01611496198578788,0.0345486839389999,,0.01820376925130618
2025-11-24,B,106.23173208384948,0.016733312770933262,0.03859480525465342,0.04725489852505671,0.018308913285370654
2025-11-25,B,106.61350654302794,0.017254687446231376,0.042510344801388156,0.047372964693912945,0.01830774997019513
2025-11-26,B,107.00111577101012,0.01767528140927288,0.04626005112488363,0.047688916843175555,0.01820125526324401
2025-11-27,B,107.39234964403678,0.01799226144770949,0.04981009290006222,0.04819787211412896,0.017991287844846937
2025-11-28,B,107.78496810322945,0.01820376925130618,0.05312844238050407,0.048893607943531814,0.01768054516521711
2025-12-01,B,108.1767196547274,0.018308913285370654,0.056185240509867285,0.0497686389267924,0.017272513623689756
2025-12-02,B,108.56535996426345,0.01830774997019513,0.058953136707066145,0.050814295563480716,0.01677141412459049
2025-12-03,B,108.94867039261021,0.01820125526324401,0.06140759680307428,0.0520208040431871,0.016182144193678694
2025-12-04,B,109.32447631881709,0.017991287844846937,0.06352717329577384,0.05337736645730029,0.015510217750818622
2025-12-05,B,109.69066509991008,0.01768054516521711,0.06529373297541774,0.054872241041200365,0.014761703524907244
2025-12-08,B,110.04520351872975,0.017272513623689756,0.06669263802196435,0.05649282225662411,0.013943162972486878
2025-12-09,B,110.38615457580934,0.01677141412459049,0.06771287784347169,0.058225720711544415,0.013061588427979665
2025-12-10,B,110.711693486613,0.016182144193678694,0.06834715016306481,0.060056843081550904,0.012124342076598404
2025-12-11,B,111.02012275201615,0.015510217750818622,0.0685918911191461,0.06197147233973155,0.0111390962055673
2025-12-12,B,111.30988617756483,0.014761703524907244,0.0684472553684552,0.06395434871927486,0.010113775059405139
2025-12-15,B,111.57958172573188,0.013943162972486878,0.06791704832652234,0.06598975192261891,0.00905649850407797
2025-12-16,B,111.8279730950259,0.013061588427979665,0.06700861370332056,0.06806158515135663,0.007975527595363463
2025-12-17,B,112.05399993032421,0.012124342076598404,0.06573268035979485,0.07015346156094626,0.0068792120507790155
2025-12-18,B,112.25678658010474,0.0111390962055673,0.06410317319916459,0.07224879374228865,0.005775939543242181
2025-12-19,B,112.43564932825272,0.010113775059405139,0.06213699330134048,0.07433088679748856,0.00467408666909197
2025-12-22,B,112.59010204071662,0.00905649850407797,0.05985377280536497,0.07638303550879155,0.0035819713936451336
2025-12-23,B,112.71986018037883,0.007975527595363463,0.05727561014876148,0.07838862599741137,0.002507806744223018
2025-12-24,B,112.82484315698288,0.0068792120507790155,0.05442679119754179,0.08033124213286857,0.0014596555033834502
2025-12-25,B,112.90517499271007,0.005775939543242181,0.05133350156641625,0.08219477678432097,0.0004453856536128509
2025-12-26,B,112.9611832979086,0.00467408666909197,0.04802353506030377,0.08396354780487791,-0.0005273736614883617
2025-12-29,B,112.99339656543404,0.0035819713936451336,0.044526002693372924,0.08562241841083851,-0.001451275866117041
2025-12-30,B,113.00253980594705,0.002507806744223018,0.040871046189541405,0.08715692136422848,-0.002319300535605251
2025-12-31,B,112.98952856021533,0.0014596555033834502,0.037089559267161176,0.08855338609447005,-0.0031247969432453004
2026-01-01,B,112.95546133787047,0.0004453856536128509,0.03321291938746218,0.08979906761055223,-0.003861527612462834
2026-01-02,B,112.90161054506673,-0.0005273736614883617,0.0292727320253916,0.09088227576745256,-0.004523711838308908
2026-01-05,B,112.82941197596803,-0.001451275866117041,0.025300588923572676,0.09179250316994425,-0.005106069055197171
2026-01-06,B,112.74045295485037,-0.002319300535605251,0.021327841232336553,0.09252054973498214,-0.005603861833444301
2026-01-07,B,112.63645922675164,-0.0031247969432453004,0.017385387934395258,0.09305864170322531,-0.00601293818769244
2026-01-08,B,112.51928070493581,-0.003861527612462834,0.013503479511262073,0.09340054270409559,-0.006329772778296827
2026-01-09,B,112.39087619287987,-0.004523711838308908,0.009711536436131096,0.09354165435033512,-0.0065515064852921245
2026-01-12,B,112.25329720696145,-0.005106069055197171,0.006037981777755608,0.09347910377966095,-0.006675983737060798
2026-01-13,B,112.10867103345146,-0.005603861833444301,0.0025100869724878905,0.09321181558366631,-0.006701786886190941
2026-01-14,B,111.95918315974065,-0.00601293818769244,-0.0008461703343255467,0.09274056567596678,-0.006628266847376274
2026-01-15,B,111.80705922489616,-0.006329772778296827,-0.004006237563977111,0.09206801485781657,-0.006455569151017526
2026-01-16,B,111.65454663861456,-0.0065515064852921245,-0.006947108806725111,0.09119872014110508,-0.006184654525844713
2026-01-19,B,111.50389602037632,-0.006675983737060798,-0.009647437924405589,0.09013912228231624,-0.005817313108717137
2026-01-20,B,111.35734261209117,-0.006701786886190941,-0.012087644236847939,0.0888975084582222,-0.0053561713936841615
2026-01-21,B,111.2170878177436,-0.006628266847376274,-0.014250011737240054,0.0874839495615718,-0.0048046910786776476
2026-01-22,B,111.08528102249794,-0.006455569151017526,-0.016118782600794357,0.08591021219483652,-0.004167159049153879
2026-01-23,B,110.96400184141491,-0.006184654525844713,-0.017680245533783,0.08418964607046475,-0.003448667854730303
2026-01-26,B,110.85524294438395,-0.005817313108717137,-0.018922819262379598,0.08233704816244436,-0.0026550861870071607
2026-01-27,B,110.7608935991156,-0.0053561713936841615,-0.01983713118909447,0.08036850557000608,-0.001793019052222733
2026-01-28,B,110.68272406810918,-0.0048046910786776476,-0.02041609095551533,0.07830121962386016,-0.0008697575474108099
2026-01-29,B,110.62237098845723,-0.004167159049153879,-0.020654958350659447,0.07615331426362637,0.00010678161242960726
2026-01-30,B,110.58132385523218,-0.003448667854730303,-0.020551404702135456,0.0739436321204372,0.0011281264133082836
2026-02-02,B,110.56091272008499,-0.0026550861870071607,-0.020105566590794766,0.07169152203377127,0.00218532904155877
2026-02-03,B,110.56229720665118,-0.001793019052222733,-0.01932009044767169,0.06941662190457953,0.0032690536371118295
2026-02-04,B,110.58645693348295,-0.0008697575474108099,-0.018200166334612633,0.06713864083203447,0.004369671126804642
2026-02-05,B,110.63418342360217,0.00010678161242960726,-0.01675354898754655,0.06487714439950532,0.005477359740047483
2026-02-06,B,110.70607356749187,0.0011281264133082836,-0.014990564024935815,0.0626513467735963,0.006582209619435231
2026-02-09,B,110.80252469351343,0.00218532904155877,-0.01292409710490039,0.06047991297080957,0.007674329792312529
2026-02-10,B,110.92373128646202,0.0032690536371118295,-0.010569563764036394,0.058380774246832745,0.008743955673181203
2026-02-11,B,111.06968338136082,0.004369671126804642,-0.007944857699709318,0.05637095909414125,0.00978155522638735
2026-02-12,B,111.24016664575963,0.005477359740047483,-0.005070275374976507,0.05446644181720739,0.010777931936229335
2026-02-13,B,111.43476414985773,0.006582209619435231,-0.0019684150388267208,0.052682010114320166,0.011724322807303844
2026-02-16,B,111.65285980983231,0.007674329792312529,0.0013359514310493648,0.05103115255339996,0.012612489748453637
2026-02-17,B,111.89364347593471,0.008743955673181203,0.004816035038764488,0.049525966306865454,0.01343480287348675
2026-02-18,B,112.15611762333295,0.00978155522638735,0.008443215193048248,0.04817708502549545,0.014184314472934778
2026-02-19,B,112.43910559044242,0.010777931936229335,0.012187254292225225,0.046993626297717084,0.014854822663811218
2026-02-20,B,112.74126129670643,0.011724322807303844,0.016016540732115114,0.04598315776955242,0.015440923997731781
2026-02-23,B,113.06108035956936,0.012612489748453637,0.019898358946288885,0.04515168069832032,0.01593805459050479
2026-02-24,B,113.39691251883009,0.01343480287348675,0.02379918429743988,0.04450362948326281,0.0163425196170901
2026-02-25,B,113.74697526576576,0.014184314472934778,0.027684999835845936,0.0440418855582565,0.01665151128419229
2026-02-26,B,114.10936856446598,0.014854822663811218,0.03152163115697992,0.043767803942595274,0.016863115639438764
2026-02-27,B,114.48209054379728,0.015440923997731781,0.03527509485843927,0.04368125072013207,0.016976308793517303
2026-03-02,B,114.86305403040161,0.01593805459050479,0.03891195545037385,0.04378064974773621,0.016990943314129314
2026-03-03,B,115.25010378618653,0.0163425196170901,0.042399685046100366,0.044063036972963765,0.016907725694558007
2026-03-04,B,115.6410343079464,0.01665151128419229,0.04570701978004177,0.044524120859278815,0.016728185903383652
2026-03-05,B,116.03360804211191,0.016863115639438764,0.048804306692770805,0.04515834756636239,0.016454640085683758
2026-03-06,B,116.42557386419618,0.016976308793517303,0.05166383480502912,0.04595896970436786,0.0160901475118147
2026-03-09,B,116.81468567031995,0.016990943314129314,0.05426014428314252,0.04691811766651188,0.015638462860810165
2026-03-10,B,117.19872092727272,0.016907725694558007,0.05657030797679763,0.048026872736779636,0.015103984885804111
2026-03-11,B,117.5754990279093,0.016728185903383652,0.0585741801766968,0.049275341362364555,0.01449170244363307
2026-03-12,B,117.94289930028815,0.016454640085683758,0.06025460817469952,0.0506527301681301,0.013807138785189466
2026-03-13,B,118.29887852181876,0.0160901475118147,0.06159760308488793,0.052147421468154764,0.013056294902495047
2026-03-16,B,118.64148779377246,0.015638462860810165,0.06259246736575497,0.05374704919325368,0.012245592618127299
2026-03-17,B,118.9688886367938,0.015103984885804111,0.06323187753181703,0.055438575299996184,0.011381817987302867
2026-03-18,B,119.27936817448342,0.01449170244363307,0.06351192161513053,0.05720836685338715,0.010472065467014513
2026-03-19,B,119.57135327965486,0.013807138785189466,0.06343209199112199,0.059042274079777135,0.00952368319385477
2026-03-20,B,119.84342356643407,0.013056294902495047,0.06299523517868533,0.060925709766824765,0.00854421960576568
2026-03-23,B,120.09432312090351,0.012245592618127299,0.06220746112602371,0.06284373044187008,0.007541371545405129
2026-03-24,B,120.32297087340949,0.011381817987302867,0.061078015271617714,0.06478111978751455,0.006522933896184968
2026-03-25,B,120.52846952687074,0.010472065467014513,0.059619117301890956,0.06672247475249615,0.005496750727705724
2026-03-26,B,120.71011296735077,0.00952368319385477,0.05784577099956256,0.06865229478621404,0.004470667866336209
2026-03-27,B,120.86739209569247,0.00854421960576568,0.05577554988351974,0.07055507456597399,0.0034524867596317232
2026-03-30,B,120.99999903205217,0.007541371545405129,0.05342836348427804,0.07241540049703032,0.002449919470491002
2026-03-31,B,121.10782965860932,0.006522933896184968,0.050826209087760255,0.07421805114717661,0.0014705446183993498
2026-04-01,B,121.19098447945181,0.005496750727705724,0.04799291362896474,0.0759481016309187,0.0005217640806254309
2026-04-02,B,121.24976779053573,0.004470667866336209,0.04495387014536956,0.0775910317849815,-0.0003892397245144341
2026-04-03,B,121.28468516657405,0.0034524867596317232,0.0417357728298231,0.07913283777974156,-0.001255546127789886
2026-04-06,B,121.29643928561019,0.002449919470491002,0.038366354277910464,0.08056014659396515,-0.00207053819310532
2026-04-07,B,121.28592412575982,0.0014705446183993498,0.03487412802929302,0.08186033254796166,-0.002827944469326771
2026-04-08,B,121.25421758204884,0.0005217640806254309,0.03128813897924698,0.08302163484924918,-0.003521880526396459
2026-04-09,B,121.2025725643235,-0.0003892397245144341,0.02763772370675799,0.08403327486262357,-0.004146890225393052
2026-04-10,B,121.13240664975294,-0.001255546127789886,0.023952282247642565,0.08488557158191501,-0.0046979865972773815
2026-04-13,B,121.04529037538165,-0.00207053819310532,0.020261062351035086,0.0855700535635251,-0.005170692123809828
2026-04-14,B,120.9429342674212,-0.002827944469326771,0.016592956807842896,0.08607956539265715,-0.005561078128556551
2026-04-15,B,120.82717471440318,-0.003521880526396459,0.012976314039957026,0.08640836660287365,-0.005865802898400108
2026-04-16,B,120.69995880086402,-0.004146890225393052,0.009438761795808936,0.08655222086910719,-0.006082148069229465
2026-04-17,B,120.56332822681644,-0.0046979865972773815,0.006007043515268817,0.08650847325351951,-0.0062080527265957475
2026-04-20,B,120.41940244581339,-0.005170692123809828,0.0027068667066185714,0.08627611331137297,-0.006242144596433907
2026-04-21,B,120.27036116086319,-0.005561078128556551,-0.00043723747979640404,0.08585582196696473,-0.006183767636075754
2026-04-22,B,120.11842632275794,-0.005865802898400108,-0.003402044394344328,0.08525000025155194,-0.00603300528548989
2026-04-23,B,119.96584377948727,-0.006082148069229465,-0.006165756700640346,0.08446277825671422,-0.005790698606725542
2026-04-24,B,119.81486472829049,-0.0062080527265957475,-0.008708116797694121,0.08350000299459626,-0.005458458529518984
2026-04-27,B,119.66772712353045,-0.006242144596433907,-0.011010511728754668,0.08236920426391414,-0.005038671436193409
2026-04-28,B,119.5266371939375,-0.006183767636075754,-0.013056071346741471,0.081079538086398,-0.004534497362001844
2026-04-29,B,119.39375122186802,-0.00603300528548989,-0.014829760359678645,0.07964170778780444,-0.003949860159765284
2026-04-30,B,119.27115773505874,-0.005790698606725542,-0.016318464699207724,0.07806786333286198,-0.0032894290808874738
2026-05-01,B,119.16086025795119,-0.005458458529518984,-0.017511072446665277,0.07637148006432426,-0.00255859135813008
2026-05-04,B,119.06476076503894,-0.005038671436193409,-0.01839854932028495,0.07456721852123271,
2026-05-05,B,118.98464397289264,-0.004534497362001844,-0.01897400848000308,0.0726707674989151,
2026-05-06,B,118.92216260059183,-0.003949860159765284,-0.019232774149723686,0.07069867294272658,
2026-05-07,B,118.87882372029392,-0.0032894290808874738,-0.019172438297845096,0.06866815562097561,
2026-05-08,B,118.85597631066784,-0.00255859135813008,-0.018792909362952415,0.06659692078524126,
2025-09-01,C,103.36588393923158,,,,0.008548773288334921
2025-09-02,C,103.63476880411983,,,,0.006241756838478274
2025-09-03,C,103.85944277656675,,,,0.0039012344998639037
2025-09-04,C,104.03775160545325,,,,0.0015531210585897348
2025-09-05,C,104.16811286018387,,,,-0.0007768514822742434
2025-09-08,C,104.2495354467764,0.008548773288334921,,,-0.003063306303547342
2025-09-09,C,104.28163183100706,0.006241756838478274,,,-0.005281386503496521
2025-09-10,C,104.26462281786334,0.0039012344998639037,,,-0.007406915884202836
2025-09-11,C,104.19933482836001,0.0015531210585897348,,,-0.009416559400162838
2025-09-12,C,104.08718970730273,-0.0007768514822742434,,,-0.011287986591864363
2025-09-15,C,103.93018718770041,-0.003063306303547342,,,-0.013000040870868923
2025-09-16,C,103.73088022809219,-0.005281386503496521,,,-0.014532916901631276
2025-09-17,C,103.49234352695329,-0.007406915884202836,,,-0.01586834754275468
2025-09-18,C,103.2181356024913,-0.009416559400162838,,,-0.0169898008718683
2025-09-19,C,102.91225490550185,-0.011287986591864363,,,-0.017882686733118214
2025-09-22,C,102.57909050654325,-0.013000040870868923,,,-0.018534571030648483
2025-09-23,C,102.22336796560425,-0.014532916901631276,,,-0.01893539467176908
2025-09-24,C,101.85009105185344,-0.01586834754275468,,,-0.019077692679055458
2025-09-25,C,101.46448003223948,-0.0169898008718683,,,-0.018956807595951086
2025-09-26,C,101.07190729002795,-0.017882686733118214,,,-0.018571089976517352
2025-09-29,C,100.67783106729041,-0.018534571030648483,-0.02600522309199682,,-0.017922077563611083
2025-09-30,C,100.28772814849806,-0.01893539467176908,-0.03229650332841494,,-0.017014643821050557
2025-10-01,C,99.90702631543236,-0.019077692679055458,-0.03805543680450163,,-0.015857105902263857
2025-10-02,C,99.5410374064451,-0.018956807595951086,-0.04322194712608973,,-0.014461282018383259
2025-10-03,C,99.19489180564662,-0.018571089976517352,-0.04774225929591702,,-0.01284248860998738
2025-10-06,C,98.8734751699663,-0.017922077563611083,-0.05156915331823997,,-0.011019468802693666
2025-10-07,C,98.58136817442902,-0.017014643821050557,-0.05466220231205787,,-0.009014245375168595
2025-10-08,C,98.32279001876829,-0.015857105902263857,-0.05698800454565167,,-0.0068518938777890614
2025-10-09,C,98.10154639210806,-0.014461282018383259,-0.05852041614561543,,-0.004560234542192343
2025-10-10,C,97.92098253746367,-0.01284248860998738,-0.05924078829660662,,-0.0021694450852435265
2025-10-13,C,97.78394199491694,-0.011019468802693666,-0.059138209591436675,,0.0002883997549008033
2025-10-14,C,97.69273153228488,-0.009014245375168595,-0.05820975087196911,,0.002779852347283507
2025-10-15,C,97.64909269579155,-0.0068518938777890614,-0.05646070648346979,,0.005270666830440085
2025-10-16,C,97.65418033160829,-0.004560234542192343,-0.053904822426851906,,0.007726408164243859
2025-10-17,C,97.70854834315556,-0.0021694450852435265,-0.050564498534451,,0.010113077180348151
2025-10-20,C,97.81214285982152,0.0002883997549008033,-0.04647094864247858,,0.012397731962238367
2025-10-21,C,97.96430290134744,0.002779852347283507,-0.04166429994450871,,0.01454908570290736
2025-10-22,C,98.16376852968584,0.005270666830440085,-0.03619361047297287,,0.016538062134869635
2025-10-23,C,98.40869638779498,0.007726408164243859,-0.030116782183021606,,0.018338291640595417
2025-10-24,C,98.69668243372968,0.010113077180348151,-0.02350034663422862,,0.01992653407703293
2025-10-27,C,99.02479158964975,0.012397731962238367,-0.016419101008799175,,0.02128301795663501
2025-10-28,C,99.38959394008471,0.01454908570290736,-0.00895557437579464,,0.02239168964107008
2025-10-29,C,99.78720703302275,0.016538062134869635,-0.0011993078648072641,,0.02324037032548487
2025-10-30,C,100.21334376212518,0.018338291640595417,0.006754062175732933,,0.023820822535069563
2025-10-31,C,100.6633652395355,0.01992653407703293,0.01480392192741209,,0.024128731374109202
2025-11-03,C,101.1323380072043,0.02128301795663501,0.022845994169365946,,0.024163608670793923
2025-11-04,C,101.61509488114307,0.02239168964107008,0.030773834476979456,,0.023928630327864964
2025-11-05,C,102.10629867821604,0.02324037032548487,0.03848048513193669,,0.0234304185696963
2025-11-06,C,102.60050803952869,0.023820822535069563,0.045860252084492625,,0.022678781386161306
2025-11-07,C,103.09224453861408,0.024128731374109202,0.052810560792442285,,0.021686421381810872
2025-11-10,C,103.57606024677284,0.024163608670793923,0.059233838743758094,,0.020468625553546227
2025-11-11,C,104.04660492228487,0.023928630327864964,0.0650393666994582,,0.019042946371908176
2025-11-12,C,104.49869199484907,0.0234304185696963,0.07014503780794179,,0.017428883068851375
2025-11-13,C,104.92736253146626,0.022678781386161306,0.07447896418934774,,0.01564757037212705
2025-11-14,C,105.32794639487516,0.021686421381810872,0.07798087455930713,,0.013721480192831814
2025-11-17,C,105.69611984027557,0.020468625553546227,0.08060325384909417,,0.011674140068098637
2025-11-18,C,106.02795883999906,0.019042946371908176,0.08231218617226244,,0.009529870562737353
2025-11-19,C,106.31998747847521,0.017428883068851375,0.08308787520033767,,0.007313542397139106
2025-11-20,C,106.56922082063906,0.01564757037212705,0.08292483014596863,,0.005050352828987137
2025-11-21,C,106.77320172508409,0.013721480192831814,0.08183172009634099,,0.0027656197915904013
2025-11-24,C,106.9300311479455,0.011674140068098637,0.07983091336414394,0.03448088549999029,0.0004845914873496948
2025-11-25,C,107.03839156377549,0.009529870562737353,0.0769577308898326,0.032842479400796876,-0.0017677314525411658
2025-11-26,C,107.09756321456234,0.007313542397139106,0.07325945277855461,0.031177910755421312,-0.003966764510448972
2025-11-27,C,107.10743298649354,0.005050352828987137,0.0687941242708432,0.029505456756520054,-0.006088501977492333
2025-11-28,C,107.06849580498647,0.0027656197915904013,0.06362921158267976,0.02784328970896821,-0.008109677249185654
2025-12-01,C,106.98184853078183,0.0004845914873496948,0.0578401591305131,0.026209355008592672,-0.010007923989993173
2025-12-02,C,106.84917643237878,-0.0017677314525411658,0.05150889793842062,0.02462125454205144,-0.011761941087838124
2025-12-03,C,106.67273240164725,-0.003966764510448972,0.04472235094743904,0.023096132884790288,-0.013351663809618941
2025-12-04,C,106.45530916895115,-0.006088501977492333,0.03757097506707585,0.021650563742150908,-0.01475844290097772
2025-12-05,C,106.20020486045225,-0.008109677249185654,0.030147372731554434,0.020300434271416146,-0.015965232553130204
2025-12-08,C,105.9111823223768,-0.010007923989993173,0.02254499804337473,0.019060825235488688,-0.016956787194494005
2025-12-09,C,105.59242271389712,-0.011761941087838124,0.014856974840907755,0.017945885369059056,-0.01771986596822661
2025-12-10,C,105.24847394096702,-0.013351663809618941,0.0071750366612712835,0.01696869888308572,-0.018243442549859212
2025-12-11,C,104.88419456707526,-0.01475844290097772,-0.0004114080764973105,0.016141145689747782,-0.01851891667389738
2025-12-12,C,104.50469389266506,-0.015965232553130204,-0.007816088041095126,0.015473754691561759,-0.01854032241971082
2025-12-15,C,104.115268942219,-0.016956787194494005,-0.01495656510802379,0.014975551333999748,-0.01830452701502261
2025-12-16,C,103.72133913614654,-0.01771986596822661,-0.021754825133749045,0.014653901552591275,-0.017811412724618503
2025-12-17,C,103.32837945316463,-0.018243442549859212,-0.02813777631337888,0.014514355225844433,-0.017064033390641886
2025-12-18,C,102.94185290747875,-0.01851891667389738,-0.03403766946241771,0.01456049323635078,-0.01606873647686724
2025-12-19,C,102.56714317352187,-0.01854032241971082,-0.039392455069314436,0.014793783194407384,-0.014835241143847822
2025-12-22,C,102.20948818918981,-0.01830452701502261,-0.04414609168330341,0.015213449730315354,-0.013376663040808423
2025-12-23,C,101.87391555644251,-0.017811412724618503,-0.04824881924964175,0.015816365942558308,-0.011709477223533549
2025-12-24,C,101.56518053597492,-0.017064033390641886,-0.05165740949216269,0.016596973022771522,-0.009853411947344237
2025-12-25,C,101.28770740066804,-0.01606873647686724,-0.05433540346877119,0.0175472351879451,-0.00783126805279899
2025-12-26,C,101.04553487110711,-0.014835241143847822,-0.05625334407284033,0.018656636765998602,-0.005668661221543747
2025-12-29,C,100.84226630610954,-0.013376663040808423,-0.05738900859341345,0.019912227548984474,-0.0033936874373043935
2025-12-30,C,100.68102526256217,-0.011709477223533549,-0.05772764354173776,0.021298721320422764,-0.0010365153921473302
2025-12-31,C,100.56441697264756,-0.009853411947344237,-0.05726220085935818,0.022798650785350816,0.0013710868701017898
2026-01-01,C,100.49449621355994,-0.00783126805279899,-0.055993571404982956,0.024392580030159206,0.003796280321336054
2026-01-02,C,100.47274196597311,-0.005668661221543747,-0.053930808344532455,0.026059373204646574,0.006205724463102191
2026-01-05,C,100.50003917379719,-0.0033936874373043935,-0.05109132982869502,0.027776515483712405,0.00856617160633144
2026-01-06,C,100.57666783018036,-0.0010365153921473302,-0.047501087244744444,0.029520479698557756,0.010845067831388056
2026-01-07,C,100.7022995243582,0.0013710868701017898,-0.043194682510634186,0.03126712951730504,0.013011141806373194
2026-01-08,C,100.87600149193807,0.003796280321336054,-0.03821541550356167,0.0329921478977071,0.015034962952597875
2026-01-09,C,101.09624811866631,0.006205724463102191,-0.032615240971850534,0.03467147791013181,0.016889451795755628
2026-01-12,C,101.36093975580296,0.00856617160633144,-0.026454613376109326,0.036281762082110314,0.018550327631973618
2026-01-13,C,101.66742861505364,0.010845067831388056,-0.019802198257360515,0.037800766238650585,0.01999648169356849
2026-01-14,C,102.01255142369749,0.013011141806373194,-0.012734430138465092,0.039207774433066334,0.02121026758473188
2026-01-15,C,102.39266843717556,0.015034962952597875,-0.005334899798207227,0.040483942940175766,0.022177704603779658
2026-01-16,C,102.80370832799827,0.016889451795755628,0.0023064418795031294,0.04161260331142613,0.022888593401716006
2026-01-19,C,103.24121839735785,0.018550327631973618,0.010094270370068825,0.04257950701053348,0.023336546993812712
2026-01-20,C,103.70041949018675,0.01999648169356849,0.017929063821369162,0.043373006963895566,0.023518943232115896
2026-01-21,C,104.17626493639533,0.02121026758473188,0.02570846018922346,0.04398417426314083,0.023436807310976526
2026-01-22,C,104.66350279136799,0.022177704603779658,0.033328776781827774,0.044406851045765805,0.02309463462881478
2026-01-23,C,105.15674060810642,0.022888593401716006,0.040686664108844806,0.044637643077783284,0.022500165345356926
2026-01-26,C,105.65051194218628,0.023336546993812712,0.0476808565714022,0.04467585763378801,0.02166412228929282
2026-01-27,C,106.13934376932305,0.023518943232115896,0.05421397420741725,0.04452339382718584,0.020599923565921996
2026-01-28,C,106.61782398408685,0.023436807310976526,0.060194323138031525,0.04418459354881432,0.019323380397537893
2026-01-29,C,107.08066814730657,0.02309463462881478,0.06553763819811986,0.043666061634429765,0.01785238952636714
2026-01-30,C,107.52278465896762,0.022500165345356926,0.07016870999083635,0.042976463847326896,0.01620662804900097
2026-02-02,C,107.93933755282819,0.02166412228929282,0.07402284058980357,0.042126310806374745,0.01440725695278422
2026-02-03,C,108.32580613830822,0.020599923565921996,0.07704707737198024,0.04112773520308144,0.012476637993948714
2026-02-04,C,108.67804075408911,0.019323380397537893,0.07920118276744725,0.03999426863109501,0.010438066980404948
2026-02-05,C,108.99231394581594,0.01785238952636714,0.08045830855544489,0.03874062319188343,0.008315525064394924
2026-02-06,C,109.26536643672833,0.01620662804900097,0.08080535598584371,0.03738248182578019,0.006133448357038551
2026-02-09,C,109.4944473242651,0.01440725695278422,0.08024301657085298,0.03593630011895832,0.003916515075977456
2026-02-10,C,109.67734800689857,0.012476637993948714,0.078785501915005,0.034419121209402936,0.0016894485423069039
2026-02-11,C,109.81242942277947,0.010438066980404948,0.07645998350424632,0.032848404398197584,-0.0005231663434521749
2026-02-12,C,109.89864226425877,0.008315525064394924,0.07330577415011508,0.031241867191872164,-0.0026970559988718223
2026-02-13,C,109.9355399189809,0.006133448357038551,0.0693732911679441,0.02961733977069536,-0.004808423569748865
2026-02-16,C,109.92328397794641,0.003916515075977456,0.06472284698220454,0.027992630301019172,-0.006834110092843737
2026-02-17,C,109.86264224261292,0.0016894485423069039,0.05942331557308034,0.02638539908510018,-0.008751754576056592
2026-02-18,C,109.75497925561275,-0.0005231663434521749,0.053550723119354604,0.02481303926333478,-0.010539955918032806
2026-02-19,C,109.60223947187208,-0.0026970559988718223,0.047186808665755864,0.023292561644093768,-0.012178439185387635
2026-02-20,C,109.4069232776814,-0.004808423569748865,0.04041759610460338,0.021840481227588304,-0.01364822820654421
2026-02-23,C,109.1720561534742,-0.006834110092843737,0.033332012751769335,0.020472703105912204,-0.014931825732068305
2026-02-24,C,108.90115136062846,-0.008751754576056592,0.026020582879311638,0.019204405656306545,-0.01601340155949249
2026-02-25,C,108.59816661247399,-0.010539955918032806,0.01857421727799191,0.018049919294998773,-0.016878988036882592
2026-02-26,C,108.2674552638816,-0.012178439185387635,0.011083112732752198,0.01702259952159335,-0.01751668126102557
2026-02-27,C,107.91371262141173,-0.01364822820654421,0.003635768583226673,0.016134693555544866,-0.01791684509916558
2026-03-02,C,107.54191803617896,-0.014931825732068305,-0.003681878411146755,0.015397200541473088,-0.018072313924932804
2026-03-03,C,107.15727349359965,-0.01601340155949249,-0.010787204696327102,0.01481972607014126,-0.01797858871971536
2026-03-04,C,106.76513945739465,-0.016878988036882592,-0.017601543820824572,0.014410332612312393,-0.017634020014231422
2026-03-05,C,106.37096875908185,-0.01751668126102557,-0.02405073433010385,0.01417538837136978,-0.017039970108567837
2026-03-06,C,105.98023934829803,-0.01791684509916558,-0.0300655843252271,0.014119417996176109,-0.016200946200187305
2026-03-09,C,105.59838673333974,-0.018072313924932804,-0.03558226637180306,0.01424495951639737,-0.015124695562032331
2026-03-10,C,105.23073694513216,-0.01797858871971536,-0.040542656643071995,0.014552432715936758,-0.01382225383941127
2026-03-11,C,104.88244085138075,-0.017634020014231422,-0.044894631667041995,0.015040024884165781,-0.012307937957374615
2026-03-12,C,104.55841063100769,-0.017039970108567837,-0.04859233492994508,0.01570360041004748,-0.010599276111497136
2026-03-13,C,104.26325919233328,-0.016200946200187305,-0.051596423966516314,0.016536640939115665,-0.008716868884512396
2026-03-16,C,104.00124328215622,-0.015124695562032331,-0.05387430652980041,0.01753022272892979,-0.006684177677201308
2026-03-17,C,103.77621098736823,-0.01382225383941127,-0.055400372055533165,0.01867303735735737,-0.004527239303127706
2026-03-18,C,103.59155427656394,-0.012307937957374615,-0.05615622198510528,0.0199514610213416,-0.002274308659105606
2026-03-19,C,103.45016716695034,-0.010599276111497136,-0.05613089964736162,0.021349676301075426,4.456531770080652e-05
2026-03-20,C,103.35441003248178,-0.008716868884512396,-0.05532111738338508,0.02284984847989424,0.0023980218653809615
2026-03-23,C,103.30608049340846,-0.006684177677201308,-0.053731475496067826,0.02443235636751706,0.004753917116492978
2026-03-24,C,103.30639124625654,-0.004527239303127706,-0.051374664495922095,0.026076075177500213,0.007079884962264638
2026-03-25,C,103.35595510766254,-0.002274308659105606,-0.04827163909237964,0.02775870649928036,0.009343913671802095
2026-03-26,C,103.45477745651633,4.456531770080652e-05,-0.04445174956440301,0.029457147948336537,0.011514920680175456
2026-03-27,C,103.60225616762322,0.0023980218653809615,-0.03995281367914916,0.031147892855456938,0.01356330771244596
2026-03-30,C,103.79718903770387,0.004753917116492978,-0.03482111038056146,0.032807448544421414,0.015461479150142177
2026-03-31,C,104.03778861214673,0.007079884962264638,-0.029111275228920763,0.034412760500381,0.01718430822639805
2026-04-01,C,104.3217042296552,0.009343913671802095,-0.022886077236048852,0.03594162916231647,0.018709538131205905
2026-04-02,C,104.6460510129133,0.011514920680175456,-0.01621605750414179,0.03737310624149326,0.020018108228716525
2026-04-03,C,105.00744544772834,0.01356330771244596,-0.009179012111613094,0.038687858371075246,0.021094399099168992
2026-04-06,C,105.40204711185369,0.015461479150142177,-0.0018593051234944147,0.03986848746456473,0.02192639376370842
2026-04-07,C,105.82560603885071,0.01718430822639805,0.0056529975080257255,0.040899799281255644,0.02250575598172766
2026-04-08,C,106.27351513285231,0.018709538131205905,0.01326317608724148,0.04176901420157009,0.022827829706834946
2026-04-09,C,106.7408669877976,0.020018108228716525,0.020873082745030525,0.04246591691562318,0.02289156647506907
2026-04-10,C,107.22251441038695,0.021094399099168992,0.028382531305632508,0.04298294443124906,0.022699389560764782
2026-04-13,C,107.71313390032914,0.02192639376370842,0.03569082927309375,0.043315214333868424,0.02225700511531392
2026-04-14,C,108.20729130497953,0.02250575598172766,0.042698420721398955,0.04346049743047842,0.02157317120296942
2026-04-15,C,108.69950883865181,0.022827829706834946,0.049308600471915875,0.043419140674875845,0.0206594357151757
2026-04-16,C,109.18433264005527,0.02289156647506907,0.0554292528483884,0.04319394753774786,0.01952985366648674
2026-04-17,C,109.65640003467304,0.022699389560764782,0.060974563158076256,0.042790023735480354,0.01820069345969788
2026-04-20,C,110.11050567253527,0.02225700511531392,0.06586664740959725,0.0422145964876115,0.01669014047416928
2026-04-21,C,110.54166572571144,0.02157317120296942,0.07003704603530125,0.04147681528874103,0.015018004897070503
2026-04-22,C,110.9451793537751,0.0206594357151757,0.07342803071392567,0.04058754163219569,0.013205439190267843
2026-04-23,C,111.31668667918856,0.01952985366648674,0.07599367971166648,0.039559134297282084,0.011274669058156217
2026-04-24,C,111.65222255759814,0.01820069345969788,0.07770068614095105,0.03840523579935118,0.009248740327776117
2026-04-27,C,111.9482654798917,0.01669014047416928,0.07852887460398361,0.037140564486987326,0.0071512828269297835
2026-04-28,C,112.20178100291051,0.015018004897070503,0.07847141408588731,0.03578071562794105,0.005006291185783329
2026-04-29,C,112.41025917318474,0.013205439190267843,0.07753472782349569,0.03434197371611347,0.0028379215144211933
2026-04-30,C,112.57174548214688,0.011274669058156217,0.07573811331165814,0.032841137202669346,0.0006703021326290859
2026-05-01,C,112.68486497105242,0.009248740327776117,0.0731130967960345,0.03129535593791477,-0.0014726440504018168
2026-05-04,C,112.74883918832262,0.0071512828269297835,0.06970255585901897,0.029721980827207783,
2026-05-05,C,112.76349579017456,0.005006291185783329,0.06555965055165203,0.028138424564039255,
2026-05-06,C,112.72927066613398,0.0028379215144211933,0.060746607705704836,0.026562031809028053,
2026-05-07,C,112.64720256321735,0.0006703021326290859,0.05533340455343083,0.025009956832309888,
2026-05-08,C,112.51892027508246,-0.0014726440504018168,0.049396396771893336,0.023499046423071546,
2025-09-01,D,102.72789228047705,,,,-0.007473241326120039
2025-09-02,D,102.60388636670119,,,,-0.008161297902897768
2025-09-03,D,102.46436215237917,,,,-0.008809798518587098
2025-09-04,D,102.31002653271194,,,,-0.009415036005036348
2025-09-05,D,102.14167400114499,,,,-0.00997349324668495
2025-09-08,D,101.96018195054138,-0.007473241326120039,,,-0.010481861822163485
2025-09-09,D,101.76650548406747,-0.008161297902897768,,,-0.010937060840717105
2025-09-10,D,101.56167176648117,-0.008809798518587098,,,-0.01133625590437315
2025-09-11,D,101.34677394923024,-0.009415036005036348,,,-0.011676878098196508
2025-09-12,D,101.12296470528948,-0.00997349324668495,,,-0.011956642881343016
2025-09-15,D,100.89144941197316,-0.010481861822163485,,,-0.012173568721498218
2025-09-16,D,100.65347902204105,-0.010937060840717105,,,-0.012325995285328073
2025-09-17,D,100.41034266526039,-0.01133625590437315,,,-0.012412600968550014
2025-09-18,D,100.1633600241796,-0.011676878098196508,,,-0.012432419521964166
2025-09-19,D,99.91387352920567,-0.011956642881343016,,,-0.012384855505208292
2025-09-22,D,99.66324041914494,-0.012173568721498218,,,-0.012269698279078978
2025-09-23,D,99.4128247141635,-0.012325995285328073,,,-0.012087134231018815
2025-09-24,D,99.16398914864114,-0.012412600968550014,,,-0.01183775691780442
2025-09-25,D,98.91808711162946,-0.012432419521964166,,,-0.01152257480556429
2025-09-26,D,98.67645464258081,-0.012384855505208292,,,-0.011143016290923735
2025-09-29,D,98.44040252968672,-0.012269698279078978,-0.04173637417853604,,-0.010700931699054506
2025-09-30,D,98.21120855755866,-0.012087134231018815,-0.04281200220275594,,-0.010198591975328575
2025-10-01,D,97.99010995009972,-0.01183775691780442,-0.043666423215767414,,-0.009638683817465243
2025-10-02,D,97.77829605326238,-0.01152257480556429,-0.04429409934715067,,-0.009024301034642357
2025-10-03,D,97.57690130096793,-0.011143016290923735,-0.04469060003976333,,-0.008358931968755479
2025-10-06,D,97.38699850578911,-0.010700931699054506,-0.044852641072871235,,-0.007646442870291925
2025-10-07,D,97.20959251407622,-0.010198591975328575,-0.044778121723995645,,-0.006891057186209859
2025-10-08,D,97.04561426305206,-0.009638683817465243,-0.04446615957457645,,-0.006097330788438882
2025-10-09,D,96.89591527502336,-0.009024301034642357,-0.043917122378622,,-0.005270123247542058
2025-10-10,D,96.76126262127117,-0.008358931968755479,-0.04313265633310848,,-0.004414565334689757
2025-10-13,D,96.64233438540539,-0.007646442870291925,-0.04211571001638825,,-0.0035360230142331694
2025-10-14,D,96.53971565301356,-0.006891057186209859,-0.04087055319892785,,-0.0026400582663974603
2025-10-15,D,96.45389505132299,-0.006097330788438882,-0.039402789682005945,,-0.0017323871525141143
2025-10-16,D,96.38526185934059,-0.005270123247542058,-0.03771936328740344,,-0.0008188356012985842
2025-10-17,D,96.3341037055625,-0.004414565334689757,-0.03582855610734359,,9.470654832655079e-05
2025-10-20,D,96.30060486686938,-0.0035360230142331694,-0.033739978131692494,,0.0010023326665720145
2025-10-21,D,96.28484517866816,-0.0026400582663974603,-0.031464547401092946,,0.0018981670001148032
2025-10-22,D,96.28679956272613,-0.0017323871525141143,-0.029014459892312994,,0.002776412254581251
2025-10-23,D,96.30633817548967,-0.0008188356012985842,-0.026403148427167067,,0.003631396455697544
2025-10-24,D,96.34322717601059,9.470654832655079e-05,-0.023645230009747276,,0.004457618464237978
2025-10-27,D,96.39713010893809,0.0010023326665720145,-0.02075644113840802,,0.005249791546482641
2025-10-28,D,96.46760989439748,0.0018981670001148032,-0.01775356080807522,,0.0060028844425612515
2025-10-29,D,96.5541314129865,0.002776412254581251,-0.014654321113064195,,0.006712159428449382
2025-10-30,D,96.65606467060135,0.003631396455697544,-0.011477305577607066,,0.007373206931684528
2025-10-31,D,96.77268852437464,0.004457618464237978,-0.008241835576564993,,0.007981976333881313
2025-11-03,D,96.90319494768919,0.005249791546482641,-0.004967845457021225,,0.008534802672449215
2025-11-04,D,97.04669380904363,0.0060028844425612515,-0.0016757472263758677,,0.009028429036962216
2025-11-05,D,97.20221813650592,0.006712159428449382,0.0016137140729448607,,0.009460024539830414
2025-11-06,D,97.36872983661998,0.007373206931684528,0.004879612935742683,,0.009827197823728984
2025-11-07,D,97.54512583394228,0.007981976333881313,0.00810100231679689,,0.01012800614737297
2025-11-10,D,97.7302445948976,0.008534802672449215,0.011257077101983759,,0.010360960164614186
2025-11-11,D,97.92287299737038,0.009028429036962216,0.014327340152193946,,0.01052502457775173
2025-11-12,D,98.12175350540322,0.009460024539830414,0.017291768810298036,,0.010619614903065955
2025-11-13,D,98.32559160656967,0.009827197823728984,0.0201309796726048,,0.01064459063396872
2025-11-14,D,98.53306346803471,0.01012800614737297,0.02282638938742987,,0.010600245124258834
2025-11-17,D,98.74282376602333,0.010360960164614186,0.025360369257599213,,0.010487292540632742
2025-11-18,D,98.95351364239177,0.01052502457775173,0.027716391492052184,,0.010306852250026921
2025-11-19,D,99.16376874124417,0.010619614903065955,0.029879165073337433,,0.010060431014055071
2025-11-20,D,99.3722272780644,0.01064459063396872,0.03183475937988689,,0.009749903360499745
2025-11-21,D,99.57753809364003,0.010600245124258834,0.03357071391973032,,0.009377490491476737
2025-11-24,D,99.77836864514576,0.010487292540632742,0.035076132789291004,-0.028712003817602194,0.008945738070593734
2025-11-25,D,99.97341288712492,0.010306852250026921,0.03634176275918133,-0.02563717197002735,0.008457493208332778
2025-11-26,D,100.16139899575917,0.010060431014055071,0.037360054199477855,-0.02247574774530059,0.007915880937185982
2025-11-27,D,100.34109689074315,0.009749903360499745,0.03812520438008926,-0.01924473786876857,0.00732428043695843
2025-11-28,D,100.5113255102778,0.009377490491476737,0.038633183007636296,-0.015961638643683385,0.006686301237229353
2025-12-01,D,100.67095979615637,0.008945738070593734,0.03888174017896029,-0.012644368906779557,0.0060057595892897275
2025-12-02,D,100.81893734763163,0.008457493208332778,0.03887039723383623,-0.009311198531664067,0.005286655164888465
2025-12-03,D,100.95426470471159,0.007915880937185982,0.03860042126751151,-0.00598067214929443,0.004533148204651782
2025-12-04,D,101.07602322372297,0.00732428043695843,0.03807478431035971,-0.0026715278144215926,0.003749537205821385
2025-12-05,D,101.18337451039272,0.006686301237229353,0.037298108391844,0.0005973895769304516,0.0029402372075408856
2025-12-08,D,101.27556537831514,0.0060057595892897275,0.03627659787523574,0.0038072202211458794,0.0021097587028457987
2025-12-09,D,101.35193230347905,0.005286655164888465,0.03501796057598061,0.006939186685092524,0.0012626871800907047
2025-12-10,D,101.4119053485097,0.004533148204651782,0.03353131925965136,0.009974696397444305,0.00040366327312613137
2025-12-11,D,101.45501153341678,0.003749537205821385,0.03182711515603032,0.012895449083630828,-0.0004626365207318628
2025-12-12,D,101.48087763291272,0.0029402372075408856,0.029917005126246954,0.01568354872408184,-0.0013315186128511902
2025-12-15,D,101.48923238375767,0.0021097587028457987,0.02781375408345732,0.018321619455009763,-0.002198290657019153
2025-12-16,D,101.47990808907608,0.0012626871800907047,0.025531124198524546,0.020792924663955104,-0.0030582795263794926
2025-12-17,D,101.45284161015665,0.00040366327312613137,0.02308376232538656,0.023081488362520997,-0.003906849021872438
2025-12-18,D,101.40807473987014,-0.0004626365207318628,0.020487086961521017,0.025172217750538683,-0.004739417403770929
2025-12-19,D,101.34575395549602,-0.0013315186128511902,0.01775717592247772,0.02705102572425977,-0.005551474837784176
2025-12-22,D,101.26612955242041,-0.002198290657019153,0.0149106557611276,0.028704951931515454,-0.006338600843762254
2025-12-23,D,101.16955416382838,-0.0030582795263794926,0.011964593807095136,0.030122280844715688,-0.00709648182828726
2025-12-24,D,101.05648067514583,-0.003906849021872438,0.008936393544428878,0.03129265521395608,-0.007820928772486413
2025-12-25,D,100.9274595455651,-0.004739417403770929,0.005843693890056123,0.032207183182935584,-0.008507895133302523
2025-12-26,D,100.78313555249582,-0.005551474837784176,0.00270427278556018,0.03285853730524324,-0.009153495000340461
2025-12-29,D,100.6242439781949,-0.006338600843762254,-0.00046404462673310665,0.033241043692432415,-0.009754021531370394
2025-12-30,D,100.45160626112884,-0.00709648182828726,-0.0036434731030361434,0.033350759561955545,-0.010305965667810058
2025-12-31,D,100.26612513778737,-0.007820928772486413,-0.006816349650378917,0.033185537535017184,-0.010806035107224887
2026-01-01,D,100.0687793036808,-0.008507895133302523,-0.009965211213471714,0.032745075162887716,-0.011251173483354693
2026-01-02,D,99.86061762509742,-0.009153495000340461,-0.013072867866839588,0.03203094833474096,-0.011638579675749772
2026-01-05,D,99.64275293585372,-0.009754021531370394,-0.016122471756756296,0.031046627438476415,-0.011965727141176719
2026-01-06,D,99.41635545572528,-0.010305965667810058,-0.019097582095998433,0.02979747540433042,-0.012230383128088218
2026-01-07,D,99.18264586948304,-0.010806035107224887,-0.02198222655777593,0.02829072705366742,-0.012430627604207323
2026-01-08,D,98.94288810746755,-0.011251173483354693,-0.0247609594438003,0.02653544949495945,-0.012564871696379432
2026-01-09,D,98.69838187039814,-0.011638579675749772,-0.02741891701587096,0.024542483646932123,-0.012631875412109861
2026-01-12,D,98.45045494262762,-0.011965727141176719,-0.02994187038127971,0.022324367315556204,-0.012630764384500615
2026-01-13,D,98.20045533930356,-0.012230383128088218,-0.03231627631051759,0.019895240596593977,-0.012561045357619705
2026-01-14,D,97.94974333387952,-0.012430627604207323,-0.03452932634196837,0.01727073470824081,-0.012422620108680227
2026-01-15,D,97.699683413128,-0.012564871696379432,-0.03656899449333628,0.014467845668676205,-0.012215797487883151
2026-01-16,D,97.45163620723443,-0.012631875412109861,-0.03842408385428375,0.01150479451138664,-0.011941303247365531
2026-01-19,D,97.20695044270039,-0.012630764384500615,-0.04008427227999056,0.008400875968476829,-0.01160028732847318
2026-01-20,D,96.96695496564766,-0.012561045357619705,-0.04154015734195349,0.005176297741768421,-0.011194328282402743
2026-01-21,D,96.73295088270001,-0.012422620108680227,-0.04278330062120561,0.0018520126181722496,-0.010725434513929266
2026-01-22,D,96.50620386592293,-0.012215797487883151,-0.04380627135121873,-0.0015504542336700622,-0.010196042061986321
2026-01-23,D,96.28793666733189,-0.011941303247365531,-0.044602689334094725,-0.005009180425122328,-0.009609008664646312
2026-01-26,D,96.07932188724041,-0.01160028732847318,-0.04516726696539819,-0.00850202164018976,-0.008967603899534882
2026-01-27,D,95.88147503921724,-0.011194328282402743,-0.04549585011145896,-0.01200678481761741,-0.00827549524359994
2026-01-28,D,95.69544795266847,-0.010725434513929266,-0.04558545748963372,-0.015501397115458948,-0.007536729957734578
2026-01-29,D,95.52222255206335,-0.010196042061986321,-0.045434318108547256,-0.018964068727762684,-0.0067557127709457765
2026-01-30,D,95.36270504959458,-0.009609008664646312,-0.04504190623363824,-0.022373447834420523,-0.005937179414097105
2026-02-02,D,95.21772058561973,-0.008967603899534882,-0.04440897325551274,-0.025708766203262345,-0.005086166132941106
2026-02-03,D,95.08800834858084,-0.00827549524359994,-0.043537575757059965,-0.028949974219666386,-0.004207975392029106
2026-02-04,D,94.97421720326477,-0.007536729957734578,-0.042431099002503414,-0.03207786438473226,-0.0033081380628224855
2026-02-05,D,94.87690185325926,-0.0067557127709457765,-0.041094275010367554,-0.03507418259032369,-0.0023923724683662106
2026-02-06,D,94.79651956030152,-0.005937179414097105,-0.03953319432551783,-0.037921726740439476,-0.0014665407306705402
2026-02-09,D,94.7334274399213,-0.005086166132941106,-0.03775531057598902,-0.04060443253681423,-0.0005366029329121336
2026-02-10,D,94.68788034937296,-0.004207975392029106,-0.03576943689103984,-0.043107446476679856,0.00039143033558208806
2026-02-11,D,94.66002938034788,-0.0033081380628224855,-0.03358573327056158,-0.045417186317799674,0.00131154644000131
2026-02-12,D,94.64992096538164,-0.0023923724683662106,-0.031215684035026836,-0.047521389446859796,0.0022177795250841736
2026-02-13,D,94.65749660324053,-0.0014665407306705402,-0.028672064551610643,-0.0494091497399024,0.0031042590486416444
2026-02-16,D,94.68259320491222,-0.0005366029329121336,-0.025968896527375107,-0.05107094362663189,0.003965257368829356
2026-02-17,D,94.72494405815368,0.00039143033558208806,-0.02312139128518831,-0.052498646164025886,0.004795235747464988
2026-02-18,D,94.78418040489208,0.00131154644000131,-0.020145880592136955,-0.05368553798948794,0.005588888164020478
2026-02-19,D,94.8598336221495,0.0022177795250841736,-0.017059734792394865,-0.05462630406125568,0.0063411823815247015
2026-02-20,D,94.95133799359292,0.0031042590486416444,-0.01388126820451907,-0.055317025105955375,0.007047397764894825
2026-02-23,D,95.05803405531788,0.003965257368829356,-0.010629631973476328,-0.05575516268250369,0.007703159422113748
2026-02-24,D,95.17917249607797,0.004795235747464988,-0.007324694815677546,-0.05593953874069624,0.008304468316843394
2026-02-25,D,95.31391858889336,0.005588888164020478,-0.003986912355160577,-0.05587031050462388,0.008847727084898116
2026-02-26,D,95.46135712782863,0.0063411823815247015,-0.0006371860139827712,-0.05554894144842604,0.009329761373784606
2026-02-27,D,95.62049784074274,0.007047397764894825,0.002703287317763259,-0.054978169057591675,0.009747836611582184
2026-03-02,D,95.7902812459987,0.007703159422113748,0.006013173355311707,-0.05416196998581191,0.010099670196193067
2026-03-03,D,95.96958491849502,0.008304468316843394,0.009271164526681641,-0.05310552312774475,0.010383439176128384
2026-03-04,D,96.15723012796009,0.008847727084898116,0.012456148200341799,-0.05181517103432309,0.010597783567472874
2026-03-05,D,96.35198881024891,0.009329761373784606,0.015547376950304503,-0.050298380001534526,0.010741805516834235
2026-03-06,D,96.55259083041246,0.009747836611582184,0.01852463864977527,-0.048563699067792676,0.010815064575683486
2026-03-09,D,96.75773149458387,0.010099670196193067,0.021368424107175432,-0.046620718060835675,0.010817569396714077
2026-03-10,D,96.9660792662545,0.010383439176128384,0.02406008993416675,-0.04448002474400625,0.010749766197254873
2026-03-11,D,97.1762836413039,0.010597783567472874,0.02658201436686225,-0.04215316102515776,0.010612524358381892
2026-03-12,D,97.3869831352088,0.010741805516834235,0.028917743849234068,-0.0396525781105318,0.010407119541468779
2026-03-13,D,97.59681333519292,0.010815064575683486,0.031052128330338213,-0.03699159041186251,0.010135214707180262
2026-03-16,D,97.80441496969515,0.010817569396714077,0.032971443420721114,-0.03418432794879667,0.009798839416170324
2026-03-17,D,98.00844194743121,0.010749766197254873,0.034663497792743136,-0.031245686931448136,0.00940036777708042
2026-03-18,D,98.20756931850426,0.010612524358381892,0.03611772448723394,-0.028191278160572764,0.008942495386978111
2026-03-19,D,98.40050111047992,0.010407119541468779,0.03732525509620643,-0.025037372846428818,0.008428215583423215
2026-03-20,D,98.58597799308168,0.010135214707180262,0.038278976118630625,-0.02180084542289007,0.007860795297057077
2026-03-23,D,98.76278472617568,0.009798839416170324,0.0389735671232363,-0.018499112921758654,0.007243750760270062
2026-03-24,D,98.9297573469957,0.00940036777708042,0.03940552068859682,-0.015150070474503119,0.006580823292197113
2026-03-25,D,99.08579005410131,0.008942495386978111,0.03957314441636517,-0.01177202252569376,0.005875955344111672
2026-03-26,D,99.22984174735592,0.008428215583423215,0.03947654561919811,-0.0083836093750973,0.0051332669531269914
2026-03-27,D,99.36094218524548,0.007860795297057077,0.03911759956251748,-0.005003728714435329,0.0043570327168267475
2026-03-30,D,99.4781977231223,0.007243750760270062,0.03849990238208689,-0.0016514518907094766,0.003551659367688531
2026-03-31,D,99.58079659843621,0.006580823292197113,0.03762871000232115,0.0016540652889267538,0.002721663994528223
2026-04-01,D,99.66801373169523,0.005875955344111672,0.03651086453991237,0.0048936772956318375,0.0018716529290920825
2026-04-02,D,99.73921501476164,0.0051332669531269914,0.03515470979206636,0.008048349128733312,0.0010063012897536527
2026-04-03,D,99.79386106112132,0.0043570327168267475,0.03356999747838896,0.011099261912537406,0.00013033315123878175
2026-04-06,D,99.83151039594641,0.003551659367688531,0.031767785931758885,0.014027923528881603,-0.0007514977103918463
2026-04-07,D,99.85182206708461,0.002721663994528223,0.029760332919167576,0.016816283815336952,-0.0016344265645289457
2026-04-08,D,99.85455766153294,0.0018716529290920825,0.027560984222395835,0.019446853690678,-0.0025136960443403744
2026-04-09,D,99.83958271547,0.0010063012897536527,0.025184059525245717,0.021902827394980617,-0.003384574125641082
2026-04-10,D,99.8068675095077,0.00013033315123878175,0.02264473704407144,0.024168206855601504,-0.004242371861014171
2026-04-13,D,99.7564872444589,-0.0007514977103918463,0.019958938207120802,0.026227927017022923,-0.005082460966115643
2026-04-14,D,99.68862159658156,-0.0016344265645289457,0.017143213541253255,0.028067980807462645,-0.005900291353852838
2026-04-15,D,99.60355365492978,-0.0025136960443403744,0.014214630767391379,0.029675542263883914,-0.006691408707494406
2026-04-16,D,99.50166824709642,-0.003384574125641082,0.011190665943663802,0.031039086205640443,-0.007451472175792229
2026-04-17,D,99.3834496632494,-0.004242371861014171,0.008089098332256572,0.032148502741441876,-0.008176272261945172
2026-04-20,D,99.24947879192212,-0.005082460966115643,0.004927909506559747,0.03299520482047358,-0.008861748963790883
2026-04-21,D,99.10042968449774,-0.005900291353852838,0.0017251870628107735,0.03357222700176332,-0.009504010205108493
2026-04-22,D,98.9370655687058,-0.006691408707494406,-0.0015009668421102074,0.033874313620859464,-0.01009935057744693
2026-04-23,D,98.76023433470827,-0.007451472175792229,-0.004732522035491016,0.03389799458319853,-0.010644270388677657
2026-04-24,D,98.57086352047135,-0.008176272261945172,-0.00795160198160294,0.03364164711150264,-0.0111354949887148
2026-04-27,D,98.36995482608101,-0.008861748963790883,-0.011140560669644084,0.03310554192091586,-0.011569994314850174
2026-04-28,D,98.15857818944563,-0.009504010205108493,-0.014282054950069623,0.03229187248941501,-0.011945002569280994
2026-04-29,D,97.93786545842359,-0.01009935057744693,-0.017359112602857385,0.031204766329539613,-0.012258037910114594
2026-04-30,D,97.70900369680047,-0.010644270388677657,-0.020355196475736248,0.029850277446047624,-0.012506922004986598
2026-05-01,D,97.47322816370585,-0.0111354949887148,-0.02325426506941275,0.02823635947627423,-0.012689799264044677
2026-05-04,D,97.23181500799119,-0.011569994314850174,-0.026040829970862434,0.026372819347788568,
2026-05-05,D,96.98607372077574,-0.011945002569280994,-0.028700010545461563,0.024271251641952984,
2026-05-06,D,96.73733939079852,-0.012258037910114594,-0.031217586294864375,0.021944954211919,
2026-05-07,D,96.48696480837964,-0.012506922004986598,-0.03358004727087949,0.019408825958448617,
2026-05-08,D,96.23631246469,-0.012689799264044677,-0.03577464290698795,0.016679248005756264,
2025-09-01,E,100.70560004029933,,,,-0.010081579472015934
2025-09-02,E,100.50337325876232,,,,-0.010071963365877123
2025-09-03,E,100.29971653232543,,,,-0.010012020230022456
2025-09-04,E,100.0956456812658,,,,-0.009901618485198216
2025-09-05,E,99.89217795840462,,,,-0.009740801750094397
2025-09-08,E,99.69032853021601,-0.010081579472015934,,,-0.009529794544432146
2025-09-09,E,99.491106965153,-0.010071963365877123,,,-0.009269007373046811
2025-09-10,E,99.29551374133827,-0.010012020230022456,,,-0.008959041084987796
2025-09-11,E,99.10453678570032,-0.009901618485198216,,,-0.008600690401475042
2025-09-12,E,98.91914805652665,-0.009740801750094397,,,-0.008194946508142786
2025-09-15,E,98.7403001812561,-0.009529794544432146,,,-0.007742998610556828
2025-09-16,E,98.5689231611404,-0.009269007373046811,,,-0.007246234357604298
2025-09-17,E,98.40592115417465,-0.008959041084987796,,,-0.006706239045111473
2025-09-18,E,98.25216934742491,-0.008600690401475042,,,-0.006124793521983252
2025-09-19,E,98.10851092957236,-0.008194946508142786,,,-0.005503870733248539
2025-09-22,E,97.97575417414667,-0.007742998610556828,,,-0.004845630848569482
2025-09-23,E,97.85466964353809,-0.007246234357604298,,,-0.004152414940876814
2025-09-24,E,97.74598752346036,-0.006706239045111473,,,-0.0034267371976385297
2025-09-25,E,97.650395097085,-0.006124793521983252,,,-0.0026712756665699944
2025-09-26,E,97.56853436758449,-0.005503870733248539,,,-0.0018888615580439083
2025-09-29,E,97.50099983730857,-0.004845630848569482,-0.0318214697266922,,-0.0010824671476528103
2025-09-30,E,97.4483364512757,-0.004152414940876814,-0.030397355913825308,,-0.0002551923438967041
2025-10-01,E,97.4110377120938,-0.0034267371976385297,-0.02880046843702344,,0.0005897499926392769
2025-10-02,E,97.3895439728312,-0.0026712756665699944,-0.027035159122222097,,0.0014490498715062916
2025-10-03,E,97.38424091374287,-0.0018888615580439083,-0.025106440723577594,,0.0023193170092632442
2025-10-06,E,97.39545820812138,-0.0010824671476528103,-0.02301998956096385,,0.00319709853623662
2025-10-07,E,97.42346838188786,-0.0002551923438967041,-0.020782144719621365,,0.004078897412463034
2025-10-08,E,97.4684858708675,0.0005897499926392769,-0.018399903496447156,,0.0049611913786788975
2025-10-09,E,97.53066627901109,0.0014490498715062916,-0.01588091279910331,,0.0058404522576478435
2025-10-10,E,97.61010584012831,0.0023193170092632442,-0.013233456232864982,,0.006713165413725131
2025-10-13,E,97.70684108499466,0.00319709853623662,-0.01046643664607394,,0.007575849174554783
2025-10-14,E,97.82084871498391,0.004078897412463034,-0.0075893539481357575,,0.008425074018284517
2025-10-15,E,97.95204568266293,0.0049611913786788975,-0.004612278064046849,,0.00925748133274995
2025-10-16,E,98.10028947907023,0.0058404522576478435,-0.0015458169459610094,,0.010069801559591696
2025-10-17,E,98.26537862668431,0.006713165413725131,0.001598920375262436,,0.010858871546131077
2025-10-20,E,98.44705337637677,0.007575849174554783,0.004810365648141746,,0.011621650940720984
2025-10-21,E,98.64499660593907,0.008425074018284517,0.008076538046472015,,0.012355237482955861
2025-10-22,E,98.85883491707484,0.00925748133274995,0.011385095407086654,,0.013056881058097103
2025-10-23,E,99.08813992706297,0.010069801559591696,0.014723389788116714,,0.013723996404939598
2025-10-24,E,99.33242975062342,0.010858871546131077,0.018078527001272215,,0.014354174387607
2025-10-27,E,99.59117066685954,0.011621650940720984,0.021437429698553334,,0.014945191763906074
2025-10-28,E,99.86377896551083,0.012355237482955861,0.024786903524442128,,0.015495019405366905
2025-10-29,E,100.14962296612914,0.013056881058097103,0.028113705780749898,,0.016001828946486052
2025-10-30,E,100.44802520319413,0.013723996404939598,0.03140461599467148,,0.016463997862421476
2025-10-31,E,100.75826476960859,0.014354174387607,0.034646507732747356,,0.0168801129951337
2025-11-03,E,101.07957981046765,0.014945191763906074,0.03782642096589117,,0.0172489725672198
2025-11-04,E,101.4111701584747,0.015495019405366905,0.040931634264503414,,0.017569586740260767
2025-11-05,E,101.7522001018882,0.016001828946486052,0.04394973608901709,,0.017841176790007296
2025-11-06,E,102.10180127542398,0.016463997862421476,0.04686869444053632,,0.018063172984092546
2025-11-07,E,102.45907566411319,0.0168801129951337,0.0496769241488868,,0.018235211258981643
2025-11-10,E,102.82309870972452,0.0172489725672198,0.05236335110127288,,0.01835712880153917
2025-11-11,E,103.19292250900537,0.017569586740260767,0.05491747275341918,,0.01842895864690952
2025-11-12,E,103.56757909267819,0.017841176790007296,0.05732941431573568,,0.018450923408428244
2025-11-13,E,103.94608377384941,0.018063172984092546,0.05958998006857441,,0.01842342825712251
2025-11-14,E,104.32743855424827,0.018235211258981643,0.061690699331593324,,0.01834705326818442
2025-11-17,E,104.7106355765123,0.01835712880153917,0.06362386669095099,,0.018222545249778843
2025-11-18,E,105.09466061057758,0.01842895864690952,0.06538257617264898,,0.018050809165889525
2025-11-19,E,105.47849656211353,0.018450923408428244,0.06696074913882422,,0.01783289925984577
2025-11-20,E,105.86112699086577,0.01842342825712251,0.06835315577412482,,0.017570009978928436
2025-11-21,E,106.2415396267363,0.01834705326818442,0.0695554301194321,,0.017263466793248528
2025-11-24,E,106.6187298714384,0.018222545249778843,0.07056407869816717,0.058716991197836244,0.016914716994170576
2025-11-25,E,106.99170427361304,0.018050809165889525,0.07137648286436193,0.06455834072499678,0.016525320549102274
2025-11-26,E,107.35948396538569,0.01783289925984577,0.07199089508000389,0.07038671371304406,0.016096941080706584
2025-11-27,E,107.72110804847588,0.017570009978928436,0.07240642940037079,0.07618175910960034,0.015631337029696324
2025-11-28,E,108.07563691814606,0.017263466793248528,0.07262304650908002,0.08192292056289996,0.015130353051463707
2025-12-01,E,108.42215551349172,0.016914716994170576,0.07264153369841853,0.08758950955437061,0.014595911688082941
2025-12-02,E,108.75977648282924,0.016525320549102274,0.0724634802346813,0.09316078391732652,0.014030005348756536
2025-12-03,E,109.08764325323156,0.016096941080706584,0.07209124858232174,0.09861603150975662,0.013434688623687352
2025-12-04,E,109.40493299359395,0.015631337029696324,0.07152794198477896,0.1039346587146337,0.012812070948712728
2025-12-05,E,109.7108594609794,0.015130353051463707,0.07077736891399855,0.1090962833433009,0.012164309630896986
2025-12-08,E,110.00467572039824,0.014595911688082941,0.06984400490543208,0.11408083141801573,0.011493603238672545
2025-12-09,E,110.2856767286129,0.014030005348756536,0.06873295229126364,0.11886863721051255,0.010802185354095162
2025-12-10,E,110.55320177303062,0.013434688623687352,0.06744989833257864,0.12344054581659347,0.010092318679317813
2025-12-11,E,110.80663675724703,0.012812070948712728,0.06600107223206031,0.12777801745454442,0.00936628948452256
2025-12-12,E,111.04541632533459,0.012164309630896986,0.06439320148354932,0.13186323258997423,0.008626402380246256
2025-12-15,E,111.26902581752732,0.011493603238672545,0.06263346798447023,0.13567919691388708,0.007874975393308281
2025-12-16,E,111.47700305053719,0.010802185354095162,0.06072946430274917,0.1392098451368966,0.007114335322330856
2025-12-17,E,111.66893991634298,0.010092318679317813,0.05868915045242473,0.14244014251266246,0.006346813346182367
2025-12-18,E,111.84448379392174,0.00936628948452256,0.05652081149270449,0.14535618297012354,0.005574740856461702
2025-12-19,E,112.00333876903889,0.008626402380246256,0.054233016224593644,0.1479452827186274,0.004800445483430282
2025-12-22,E,112.14526665787773,0.007874975393308281,0.051834577218311084,0.15019606819422138,0.004026247283504647
2025-12-23,E,112.27008783096721,0.007114335322330856,0.04933451236420727,0.15209855724014765,0.0032544550555588803
2025-12-24,E,112.37768183455806,0.006346813346182367,0.046742008100470356,0.15364423246059022,0.0024873627528090303
2025-12-25,E,112.46798780729759,0.005574740856461702,0.04406638443308197,0.15482610575394862,0.001727245956954393
2025-12-26,E,112.54100469076184,0.004800445483430282,0.041317061827706336,0.15563877311981011,0.0009763583815256549
2025-12-29,E,112.59679123311692,0.004026247283504647,0.03850353001980045,0.15607845894119898,0.00023692837198940886
2025-12-30,E,112.63546578589676,0.0032544550555588803,0.03563531875848791,0.1561430490688318,-0.0004888446288741077
2025-12-31,E,112.65720589460035,0.0024873627528090303,0.03272197047178427,0.15583211217475812,-0.0011987936805137878
2026-01-01,E,112.66224768452453,0.001727245956954393,0.02977301481571515,0.15514690899604577,-0.0018907880376365371
2026-01-02,E,112.65088504395699,0.0009763583815256549,0.026797945047757565,0.15409038925194252,-0.0025627369633304253
2026-01-05,E,112.62346860755501,0.00023692837198940886,0.023806196145816916,0.15266717618661363,-0.0032125936865792237
2026-01-06,E,112.58040454342658,-0.0004888446288741077,0.02080712457756828,0.15088353886038042,-0.003838359525828783
2026-01-07,E,112.52215314810957,-0.0011987936805137878,0.017809989611348165,0.1487473524815366,-0.00443808819726188
2026-01-08,E,112.44922725430939,-0.0018907880376365371,0.014823936048712572,0.1462680472344633,-0.005009890323092181
2026-01-09,E,112.36219045690295,-0.0025627369633304253,0.01185797825018331,0.1434565462142392,-0.0055519381514715915
2026-01-12,E,112.26165516334572,-0.0032125936865792237,0.008920985319366803,0.14032519321989056,-0.006062470495533101
2026-01-13,E,112.14828047522566,-0.003838359525828783,0.006021667306432166,0.13688767128482637,-0.006539797894644983
2026-01-14,E,112.02276990829245,-0.00443808819726188,0.0031685622896979737,0.1331589129313513,-0.006982307996168835
2026-01-15,E,111.88586895884883,-0.005009890323092181,0.00037002419362353045,0.12915500322446305,-0.007388471150857279
2026-01-16,E,111.73836252492235,-0.0055519381514715915,-0.0023657887972692304,0.12489307676701689,-0.007756846209569179
2026-01-19,E,111.58107219113823,-0.006062470495533101,-0.005030925366299122,0.12039120982306639,-0.008086086503207857
2026-01-20,E,111.41485338668572,-0.006539797894644983,-0.007617651867959041,0.11566830877854306,-0.0083749459817537
2026-01-21,E,111.24059242620879,-0.006982307996168835,-0.010118462934867178,0.11074399614894848,-0.008622285482018155
2026-01-22,E,111.05920344385778,-0.007388471150857279,-0.012526092009875867,0.10563849532331293,-0.008827079087355916
2026-01-23,E,110.87162523110744,-0.007756846209569179,-0.014833521917113512,0.10037251519390322,-0.008988420536081287
2026-01-26,E,110.67881798928,-0.008086086503207857,-0.017033995576889893,0.09496713576383775,-0.00910552962887401
2026-01-27,E,110.48176000800721,-0.0083749459817537,-0.019121026959513898,0.08944369575223265,-0.00917775857909997
2026-01-28,E,110.2814442811212,-0.008622285482018155,-0.021088412362204934,0.08382368313110033,-0.009204598243827466
2026-01-29,E,110.0788750716801,-0.008827079087355916,-0.02293024208143224,0.07812862943267396,-0.009185684167533292
2026-01-30,E,109.87506443801145,-0.008988420536081287,-0.02464091254021128,0.07238000856273352,-0.009120802365192637
2026-02-02,E,109.67102873278986,-0.00910552962887401,-0.02621513891614502,0.0665991407475226,-0.00900989476677061
2026-02-03,E,109.46778508725966,-0.00917775857909997,-0.02764796830132432,0.06080710213151197,-0.008853064241247321
2026-02-04,E,109.26634789276443,-0.009204598243827466,-0.028934793409610804,0.055024640432955074,-0.008650579115368817
2026-02-05,E,109.0677252917543,-0.009185684167533292,-0.030071366830362156,0.04927209695603163,-0.008402877100455397
2026-02-06,E,108.87291569040954,-0.009120802365192637,-0.031053815810325736,0.04356933515431516,-0.008110568539997143
2026-02-09,E,108.68290430494395,-0.00900989476677061,-0.03187865752731445,0.037935675841916705,-0.00777443889153695
2026-02-10,E,108.4986597535351,-0.008853064241247321,-0.03254281480041765,0.032389839057293646,-0.007395450358617661
2026-02-11,E,108.32113070567065,-0.008650579115368817,-0.03304363216203399,0.02694989250138935,-0.006974742592445571
2026-02-12,E,108.15124260050146,-0.008402877100455397,-0.03337889219702039,0.021633206397219773,-0.0065136323884805725
2026-02-13,E,107.98989444555315,-0.008110568539997143,-0.03354683203392328,0.0164564145527204,-0.006013612310425964
2026-02-16,E,107.8379557068704,-0.00777443889153695,-0.03354615985277387,0.011435381352808749,-0.005476348183079183
2026-02-17,E,107.69626330135128,-0.007395450358617661,-0.03337607125351938,0.00658517436021433,-0.004903675406155106
2026-02-18,E,107.56561870167594,-0.006974742592445571,-0.03303626530909243,0.001920042167459668,-0.004297594053447318
2026-02-19,E,107.44678516384441,-0.0065136323884805725,-0.032526960107718605,-0.0025466028859266743,-0.003660262735384223
2026-02-20,E,107.34048508691377,-0.006013612310425964,-0.031848907570653506,-0.006802197536796117,-0.002993991218010361
2026-02-23,E,107.24739751406811,-0.005476348183079183,-0.031003407314525666,-0.010835036380340335,-0.002301231807438131
2026-02-24,E,107.16815578366564,-0.004903675406155106,-0.029992319312268534,-0.014634277033613419,-0.0015845695255909398
2026-02-25,E,107.10334533838824,-0.004297594053447318,-0.02881807509368106,-0.018189942102214585,-0.0008467111203093181
2026-02-26,E,107.05350170007236,-0.003660262735384223,-0.02748368721644101,-0.02149291836465239,-9.047297024511458e-05
2026-02-27,E,107.01910861722658,-0.002993991218010361,-0.025992756731406774,-0.02453495357686264,0.0006812320379250281
2026-03-02,E,107.00059639164378,-0.002301231807438131,-0.024349478362717947,-0.027308651283060037,0.001465408565952231
2026-03-03,E,106.99834038989707,-0.0015845695255909398,-0.02255864312403988,-0.029807463999202644,0.002258993704655987
2026-03-04,E,107.01265974486789,-0.0008467111203093181,-0.02062563809772744,-0.032025685112508806,0.003058872555188996
2026-03-05,E,107.04381625179842,-9.047297024511458e-05,-0.018556443114055576,-0.03395843981522628,0.0038618943750146073
2026-03-06,E,107.09201346268681,0.0006812320379250281,-0.016357624083356948,-0.0356016753637568,0.004664889142383721
2026-03-09,E,107.15739598215809,0.001465408565952231,-0.014036322755100139,-0.03695215092573911,0.005464684385118268
2026-03-10,E,107.24004896724648,0.002258993704655987,-0.011600242704819297,-0.0380074272482005,0.006258122114069842
2026-03-11,E,107.33999783281924,0.003058872555188996,-0.009057631382350939,-0.0387658563497314,0.0070420756988731625
2026-03-12,E,107.45720816366133,0.0038618943750146073,-0.006417258092945022,-0.039226571409137656,0.007813466523643786
2026-03-13,E,107.59158583352492,0.004664889142383721,-0.003688387826224382,-0.03938947699239048,0.008569280263085455
2026-03-16,E,107.74297733073173,0.005464684385118268,-0.000880750896250726,-0.03925523972916378,0.009306582625024262
2026-03-17,E,107.91117028920233,0.006258122114069842,0.0019954915914743854,-0.03882527951993431,0.010022534413530959
2026-03-18,E,108.09589422307482,0.0070420756988731625,0.0049297863741160075,-0.03810176132469856,0.010714405777345393
2026-03-19,E,108.29682146237232,0.007813466523643786,0.007911230635999855,-0.03708758755488839,0.011379589520996491
2026-03-20,E,108.5135682864822,0.008569280263085455,0.01092861839238557,-0.03578639106116177,0.012015613370543798
2026-03-23,E,108.7456962515263,0.009306582625024262,0.013970490400586622,-0.034202528681456235,0.012620151101863986
2026-03-24,E,108.99271370703026,0.010022534413530959,0.017025187286489718,-0.032341075286098864,0.013191032456529861
2026-03-25,E,109.25407749664585,0.010714405777345393,0.02008090551665287,-0.030207818229917693,0.013726251788137578
2026-03-26,E,109.52919483704277,0.011379589520996491,0.02312575579177656,-0.027809252095297277,0.014223975400101896
2026-03-27,E,109.81742536847067,0.012015613370543798,0.026147823387809854,-0.025152573585024984,0.014682547553990455
2026-03-30,E,110.11808336989797,0.012620151101863986,0.029135229927537587,-0.022245676399714198,0.015100495145110582
2026-03-31,E,110.43044013106497,0.013191032456529861,0.03207619602941025,-0.019097145911678548,0.015476531058905785
2026-04-01,E,110.75372647324551,0.013726251788137578,0.034959104252682005,-0.015716253425548388,0.015809556237497135
2026-04-02,E,111.08713540999783,0.014223975400101896,0.03777256173946886,-0.012112949795832106,0.016098660500135198
2026-04-03,E,111.42982493870004,0.014682547553990455,0.04050546194581184,-0.008297858153277327,0.016343122174227398
2026-04-06,E,111.78092095321401,0.015100495145110582,0.04314704485564147,-0.00428226547552879,0.016542406604795
2026-04-07,E,112.13952026760202,0.015476531058905785,0.04568695508384146,-7.811272349889098e-05,0.016696163619605686
2026-04-08,E,112.50469374043665,0.015809556237497135,0.04811529729729802,0.004302016746583925,0.016804224034761672
2026-04-09,E,112.87548948889592,0.016098660500135198,0.05042268841548858,0.008844910793972316,0.01686659529118617
2026-04-10,E,113.25093618152599,0.016343122174227398,0.052600306094174654,0.013536744430689751,0.016883456316289625
2026-04-13,E,113.63004639828051,0.016542406604795,0.05463993304619397,0.01836309839031114,0.01685515170718177
2026-04-14,E,114.01182004621398,0.016696163619605686,0.056533996811098275,0.02330898063039233,0.01678218533223297
2026-04-15,E,114.39524781901319,0.016804224034761672,0.05827560464913262,0.028358851063266632,0.016665213446704463
2026-04-16,E,114.77931468839967,0.01686659529118617,0.05985857330336963,0.033496649797442934,0.016505037415743606
2026-04-17,E,115.16300341532568,0.016883456316289625,0.06127745344516344,0.03870582915396992,0.01630259613439078
2026-04-20,E,115.54529806881764,0.01685515170718177,0.06252754869088362,0.04396938969847852,0.016058958229614895
2026-04-21,E,115.92518754029473,0.01678218533223297,0.06360492915057403,0.04926992049993584,0.015775314123888107
2026-04-22,E,116.30166904120571,0.016665213446704463,0.06450643954021973,0.054589643791191245,0.015452968033663472
2026-04-23,E,116.67375157188512,0.016505037415743606,0.06522970195729094,0.05991046416408796,0.015093329969461111
2026-04-24,E,117.0404593496292,0.01630259613439078,0.06577311348288384,0.06521402238321583,0.014697907797270648
2026-04-27,E,117.4008351841332,0.016058958229614895,0.06613583883195373,0.07048175384747024,0.014268299413800811
2026-04-28,E,117.75394378861353,0.015775314123888107,0.0663177983249601,0.07569495166773277,0.013806185080849964
2026-04-29,E,118.09887501516118,0.015452968033663472,0.06631965149894992,0.08083483426265081,0.013313319956888892
2026-04-30,E,118.4347470031345,0.015093329969461111,0.06614277671323765,0.08588261730336422,0.012791526856912983
2026-05-01,E,118.76070922970025,0.014697907797270648,0.06578924713408729,0.09081958976287163,0.012242689264836182
2026-05-04,E,119.0759454519707,0.014268299413800811,0.06526180350410637,0.09562719374765516,
2026-05-05,E,119.37967653055914,0.013806185080849964,0.06456382411552775,0.10028710770936056,
2026-05-06,E,119.67116312478666,0.013313319956888892,0.06369929241249261,0.1047813325541831,
2026-05-07,E,119.94970825021679,0.012791526856912983,0.06267276264628552,0.10909228008870442,
2026-05-08,E,120.21465968967102,0.012242689264836182,0.061489323999786905,0.11320286316495487,
