date,code,open,close,can_trade
2026-01-05,000001,100.0,100.1,True
2026-01-06,000001,101.0,101.1,True
2026-01-07,000001,102.0,102.1,True
2026-01-08,000001,103.0,103.1,True
2026-01-09,000001,104.0,104.1,True
2026-01-12,000001,105.0,105.1,True
2026-01-13,000001,106.0,106.1,True
2026-01-14,000001,107.0,107.1,True
2026-01-15,000001,108.0,108.1,True
2026-01-16,000001,109.0,109.1,True
2026-01-19,000001,110.0,110.1,True
2026-01-20,000001,111.0,111.1,True
2026-01-21,000001,112.0,112.1,True
2026-01-22,000001,113.0,113.1,True
2026-01-23,000001,114.0,114.1,True
2026-01-26,000001,115.0,115.1,True
2026-01-27,000001,116.0,116.1,True
2026-01-28,000001,117.0,117.1,True
2026-01-29,000001,118.0,118.1,True
2026-01-30,000001,119.0,119.1,True
2026-02-02,000001,120.0,120.1,True
2026-02-03,000001,121.0,121.1,True
2026-02-04,000001,122.0,122.1,True
2026-02-05,000001,123.0,123.1,True
2026-02-06,000001,124.0,124.1,True
2026-02-09,000001,125.0,125.1,True
2026-02-10,000001,126.0,126.1,True
2026-02-11,000001,127.0,127.1,True
2026-02-12,000001,128.0,128.1,True
2026-02-13,000001,129.0,129.1,True
2026-01-05,000002,120.0,120.1,True
2026-01-06,000002,120.3,120.39999999999999,True
2026-01-07,000002,120.6,120.69999999999999,True
2026-01-08,000002,120.9,121.0,True
2026-01-09,000002,121.2,121.3,True
2026-01-12,000002,121.5,121.6,True
2026-01-13,000002,121.8,121.89999999999999,True
2026-01-14,000002,122.1,122.19999999999999,True
2026-01-15,000002,122.4,122.5,True
2026-01-16,000002,122.7,122.8,True
2026-01-19,000002,123.0,123.1,True
2026-01-20,000002,123.3,123.39999999999999,True
2026-01-21,000002,123.6,123.69999999999999,True
2026-01-22,000002,123.9,124.0,True
2026-01-23,000002,124.2,124.3,True
2026-01-26,000002,124.5,124.6,True
2026-01-27,000002,124.8,124.89999999999999,True
2026-01-28,000002,125.1,125.19999999999999,True
2026-01-29,000002,125.4,125.5,True
2026-01-30,000002,125.7,125.8,True
2026-02-02,000002,126.0,126.1,True
2026-02-03,000002,126.3,126.39999999999999,True
2026-02-04,000002,126.6,126.69999999999999,False
2026-02-05,000002,126.9,127.0,True
2026-02-06,000002,127.2,127.3,True
2026-02-09,000002,127.5,127.6,True
2026-02-10,000002,127.8,127.89999999999999,True
2026-02-11,000002,128.1,128.2,True
2026-02-12,000002,128.4,128.5,True
2026-02-13,000002,128.7,128.79999999999998,True
2026-01-05,600001,90.0,90.1,True
2026-01-06,600001,89.8,89.89999999999999,True
2026-01-07,600001,89.6,89.69999999999999,True
2026-01-08,600001,89.4,89.5,True
2026-01-09,600001,89.2,89.3,True
2026-01-12,600001,89.0,89.1,True
2026-01-13,600001,88.8,88.89999999999999,True
2026-01-14,600001,88.6,88.69999999999999,True
2026-01-15,600001,88.4,88.5,True
2026-01-16,600001,88.2,88.3,True
2026-01-19,600001,88.0,88.1,True
2026-01-20,600001,87.8,87.89999999999999,True
2026-01-21,600001,87.6,87.69999999999999,True
2026-01-22,600001,87.4,87.5,True
2026-01-23,600001,87.2,87.3,True
2026-01-26,600001,87.0,87.1,True
2026-01-27,600001,86.8,86.89999999999999,True
2026-01-28,600001,86.6,86.69999999999999,True
2026-01-29,600001,86.4,86.5,True
2026-01-30,600001,86.2,86.3,True
2026-02-02,600001,86.0,86.1,True
2026-02-03,600001,85.8,85.89999999999999,True
2026-02-04,600001,85.6,85.69999999999999,True
2026-02-05,600001,85.4,85.5,True
2026-02-06,600001,85.2,85.3,True
2026-02-09,600001,85.0,85.1,True
2026-02-10,600001,84.8,84.89999999999999,True
2026-02-11,600001,84.6,84.69999999999999,True
2026-02-12,600001,84.4,84.5,True
2026-02-13,600001,84.2,84.3,True
